,DecryPatchName
0,wsi_43232_22624.png
1,wsi_9856_26432.png
2,wsi_36736_35616.png
3,wsi_40768_27104.png
4,wsi_36736_23520.png
5,wsi_27776_28896.png
6,wsi_8512_13888.png
7,wsi_32480_27776.png
8,wsi_34944_21280.png
9,wsi_25984_15680.png
10,wsi_5376_18368.png
11,wsi_27104_8064.png
12,wsi_16352_16128.png
13,wsi_34496_27776.png
14,wsi_23520_31360.png
15,wsi_44352_26208.png
16,wsi_41888_21056.png
17,wsi_20160_22848.png
18,wsi_38528_14336.png
19,wsi_10304_25760.png
20,wsi_41440_15456.png
21,wsi_26432_18144.png
22,wsi_20160_28224.png
23,wsi_28448_31584.png
24,wsi_40992_26880.png
25,wsi_42560_33824.png
26,wsi_10080_30016.png
27,wsi_8960_13664.png
28,wsi_15008_30240.png
29,wsi_33824_15008.png
30,wsi_35168_27776.png
31,wsi_46592_21728.png
32,wsi_22400_21280.png
33,wsi_42112_20160.png
34,wsi_4928_17248.png
35,wsi_40320_38528.png
36,wsi_35840_23072.png
37,wsi_46368_26208.png
38,wsi_34048_18368.png
39,wsi_43008_33376.png
40,wsi_27328_19264.png
41,wsi_36736_35840.png
42,wsi_49056_34720.png
43,wsi_7168_15232.png
44,wsi_16352_28672.png
45,wsi_6272_25312.png
46,wsi_16352_21504.png
47,wsi_41216_23744.png
48,wsi_38304_26880.png
49,wsi_23744_25312.png
50,wsi_37856_8512.png
51,wsi_11200_25088.png
52,wsi_21056_20160.png
53,wsi_8736_17472.png
54,wsi_24864_30464.png
55,wsi_37408_30464.png
56,wsi_43904_24192.png
57,wsi_21280_22400.png
58,wsi_25760_24192.png
59,wsi_9184_20160.png
60,wsi_19936_28672.png
61,wsi_3136_16800.png
62,wsi_26432_34272.png
63,wsi_9856_28000.png
64,wsi_32928_15904.png
65,wsi_10304_16352.png
66,wsi_37632_30688.png
67,wsi_21056_24864.png
68,wsi_34944_31136.png
69,wsi_28896_18368.png
70,wsi_15680_16576.png
71,wsi_37408_30688.png
72,wsi_43904_28448.png
73,wsi_46144_31808.png
74,wsi_14336_21504.png
75,wsi_47488_31808.png
76,wsi_35168_17248.png
77,wsi_25760_10976.png
78,wsi_28224_29792.png
79,wsi_35392_28448.png
80,wsi_6048_25536.png
81,wsi_10976_22848.png
82,wsi_31808_33600.png
83,wsi_23968_12096.png
84,wsi_46368_30912.png
85,wsi_22176_9408.png
86,wsi_22624_21056.png
87,wsi_46592_25088.png
88,wsi_28000_20832.png
89,wsi_18816_21056.png
90,wsi_21952_31584.png
91,wsi_37632_16576.png
92,wsi_41888_21280.png
93,wsi_51520_24864.png
94,wsi_36960_25536.png
95,wsi_35392_7616.png
96,wsi_36512_21952.png
97,wsi_48160_29120.png
98,wsi_12768_28000.png
99,wsi_35168_19936.png
100,wsi_44352_28448.png
101,wsi_40544_30912.png
102,wsi_41440_22624.png
103,wsi_15456_28224.png
104,wsi_29120_22176.png
105,wsi_27776_29120.png
106,wsi_12320_27776.png
107,wsi_42560_27104.png
108,wsi_44352_30464.png
109,wsi_20608_27552.png
110,wsi_19712_14112.png
111,wsi_22624_26656.png
112,wsi_42336_31584.png
113,wsi_19264_29120.png
114,wsi_26656_13216.png
115,wsi_24640_24640.png
116,wsi_38528_25088.png
117,wsi_22176_25312.png
118,wsi_12544_28896.png
119,wsi_32256_36064.png
120,wsi_46368_22624.png
121,wsi_32928_35840.png
122,wsi_32032_30464.png
123,wsi_19264_31360.png
124,wsi_29120_32256.png
125,wsi_34272_23968.png
126,wsi_8288_20608.png
127,wsi_44800_29568.png
128,wsi_43904_33152.png
129,wsi_49280_26432.png
130,wsi_30688_7616.png
131,wsi_32480_8960.png
132,wsi_16576_19488.png
133,wsi_10528_15680.png
134,wsi_30688_38752.png
135,wsi_34048_33152.png
136,wsi_36288_7616.png
137,wsi_26208_8288.png
138,wsi_37632_13440.png
139,wsi_15232_15008.png
140,wsi_17696_19712.png
141,wsi_44352_29120.png
142,wsi_12320_19712.png
143,wsi_29344_15008.png
144,wsi_26208_28000.png
145,wsi_34272_23072.png
146,wsi_23744_10752.png
147,wsi_43680_15008.png
148,wsi_36512_10304.png
149,wsi_38752_31136.png
150,wsi_33152_18816.png
151,wsi_32032_6496.png
152,wsi_34272_34496.png
153,wsi_14112_22624.png
154,wsi_23968_13216.png
155,wsi_15232_26432.png
156,wsi_27104_18592.png
157,wsi_18816_21280.png
158,wsi_28224_9856.png
159,wsi_21280_17920.png
160,wsi_27552_13440.png
161,wsi_12992_40320.png
162,wsi_10304_20608.png
163,wsi_26432_10976.png
164,wsi_38976_10304.png
165,wsi_43456_25312.png
166,wsi_28896_32032.png
167,wsi_49728_27552.png
168,wsi_46144_26656.png
169,wsi_27776_17248.png
170,wsi_31136_12992.png
171,wsi_40992_18592.png
172,wsi_24192_26656.png
173,wsi_34048_25760.png
174,wsi_15680_24640.png
175,wsi_42784_28224.png
176,wsi_41216_10304.png
177,wsi_22624_18368.png
178,wsi_30240_13664.png
179,wsi_17920_19712.png
180,wsi_21280_19264.png
181,wsi_12096_12544.png
182,wsi_43232_22848.png
183,wsi_46368_29568.png
184,wsi_14112_26656.png
185,wsi_27104_32256.png
186,wsi_16128_17472.png
187,wsi_17248_15232.png
188,wsi_18368_28448.png
189,wsi_44352_26656.png
190,wsi_44576_31136.png
191,wsi_24864_29120.png
192,wsi_36512_16352.png
193,wsi_12768_12544.png
194,wsi_40992_16352.png
195,wsi_14784_25984.png
196,wsi_36064_10528.png
197,wsi_29344_9184.png
198,wsi_12768_17472.png
199,wsi_26656_7616.png
200,wsi_16800_19264.png
201,wsi_40992_24864.png
202,wsi_22624_28000.png
203,wsi_30688_31136.png
204,wsi_25312_14336.png
205,wsi_26208_34048.png
206,wsi_49280_26656.png
207,wsi_10752_14112.png
208,wsi_24416_25984.png
209,wsi_31136_34944.png
210,wsi_31584_30240.png
211,wsi_45248_16352.png
212,wsi_15232_17696.png
213,wsi_28672_35168.png
214,wsi_24640_9408.png
215,wsi_43008_23744.png
216,wsi_30016_29568.png
217,wsi_10080_28896.png
218,wsi_23072_30240.png
219,wsi_26432_28224.png
220,wsi_35616_20832.png
221,wsi_41216_32032.png
222,wsi_22848_21280.png
223,wsi_36960_20384.png
224,wsi_12320_27104.png
225,wsi_31360_25088.png
226,wsi_33152_18592.png
227,wsi_35840_22176.png
228,wsi_49952_24416.png
229,wsi_40544_28000.png
230,wsi_13216_28896.png
231,wsi_8288_16576.png
232,wsi_31584_22848.png
233,wsi_33152_9632.png
234,wsi_23520_19712.png
235,wsi_21728_32032.png
236,wsi_30464_6944.png
237,wsi_23072_12096.png
238,wsi_37408_24192.png
239,wsi_14784_15232.png
240,wsi_33600_25760.png
241,wsi_36288_12768.png
242,wsi_28672_29344.png
243,wsi_40096_16128.png
244,wsi_11648_18144.png
245,wsi_28224_23296.png
246,wsi_25312_8288.png
247,wsi_10752_27104.png
248,wsi_40320_25088.png
249,wsi_46144_25984.png
250,wsi_14336_12768.png
251,wsi_17248_19040.png
252,wsi_29344_15904.png
253,wsi_34048_26432.png
254,wsi_20384_17920.png
255,wsi_18144_11424.png
256,wsi_38304_24640.png
257,wsi_29120_25984.png
258,wsi_31808_37184.png
259,wsi_36736_19936.png
260,wsi_40096_14784.png
261,wsi_31808_30016.png
262,wsi_9408_17920.png
263,wsi_9632_38528.png
264,wsi_45024_24416.png
265,wsi_30688_13888.png
266,wsi_27776_23520.png
267,wsi_45472_23072.png
268,wsi_23072_27104.png
269,wsi_44352_16128.png
270,wsi_41440_14112.png
271,wsi_41440_23968.png
272,wsi_23072_12768.png
273,wsi_34272_15456.png
274,wsi_35392_30240.png
275,wsi_25312_26432.png
276,wsi_16576_13216.png
277,wsi_37632_16352.png
278,wsi_27328_16576.png
279,wsi_31808_23520.png
280,wsi_8736_26208.png
281,wsi_31136_27776.png
282,wsi_11424_13664.png
283,wsi_25312_21952.png
284,wsi_12096_39872.png
285,wsi_16800_27328.png
286,wsi_41664_12768.png
287,wsi_22624_25760.png
288,wsi_38080_29120.png
289,wsi_30912_14336.png
290,wsi_32928_36736.png
291,wsi_36288_29792.png
292,wsi_37184_24192.png
293,wsi_27776_26432.png
294,wsi_23296_32928.png
295,wsi_24416_12768.png
296,wsi_15680_15680.png
297,wsi_31808_26656.png
298,wsi_30464_17696.png
299,wsi_40096_13216.png
300,wsi_24640_32928.png
301,wsi_42784_13664.png
302,wsi_22624_18816.png
303,wsi_33824_7168.png
304,wsi_22176_11424.png
305,wsi_6272_19040.png
306,wsi_46368_23744.png
307,wsi_39648_19264.png
308,wsi_39648_25760.png
309,wsi_8960_25536.png
310,wsi_41216_15904.png
311,wsi_43232_31360.png
312,wsi_30240_12096.png
313,wsi_15904_21280.png
314,wsi_20160_28000.png
315,wsi_33152_22176.png
316,wsi_49728_26880.png
317,wsi_34720_30016.png
318,wsi_32704_11872.png
319,wsi_33600_21504.png
320,wsi_38304_32256.png
321,wsi_21728_12320.png
322,wsi_41664_37856.png
323,wsi_34944_26656.png
324,wsi_48832_30016.png
325,wsi_18592_14336.png
326,wsi_36512_16128.png
327,wsi_39200_12096.png
328,wsi_25536_11872.png
329,wsi_31136_14560.png
330,wsi_39200_32704.png
331,wsi_25536_15904.png
332,wsi_23296_10080.png
333,wsi_25536_21504.png
334,wsi_20160_13216.png
335,wsi_24416_15008.png
336,wsi_19936_27776.png
337,wsi_25088_14784.png
338,wsi_27552_14112.png
339,wsi_32928_15456.png
340,wsi_33600_8736.png
341,wsi_26880_27104.png
342,wsi_37856_21728.png
343,wsi_20160_28448.png
344,wsi_37632_31808.png
345,wsi_6944_21280.png
346,wsi_30688_9184.png
347,wsi_35616_9632.png
348,wsi_35392_35168.png
349,wsi_45472_27776.png
350,wsi_31360_34496.png
351,wsi_30240_25984.png
352,wsi_15456_23296.png
353,wsi_5824_25312.png
354,wsi_36736_24640.png
355,wsi_17472_14784.png
356,wsi_40992_29568.png
357,wsi_20608_28448.png
358,wsi_36736_12992.png
359,wsi_18592_24640.png
360,wsi_32256_21280.png
361,wsi_36736_29120.png
362,wsi_25760_30688.png
363,wsi_20832_21280.png
364,wsi_37408_32704.png
365,wsi_19040_10528.png
366,wsi_50176_26208.png
367,wsi_46368_21952.png
368,wsi_34496_35168.png
369,wsi_45472_24192.png
370,wsi_47488_27552.png
371,wsi_37184_33152.png
372,wsi_25984_33376.png
373,wsi_28448_6720.png
374,wsi_18144_29568.png
375,wsi_21280_25088.png
376,wsi_26208_28896.png
377,wsi_33824_6944.png
378,wsi_34720_31360.png
379,wsi_22624_14784.png
380,wsi_27552_26208.png
381,wsi_17472_28000.png
382,wsi_42112_25984.png
383,wsi_18144_12320.png
384,wsi_21728_28448.png
385,wsi_34720_14784.png
386,wsi_16352_13664.png
387,wsi_45696_21952.png
388,wsi_43008_27776.png
389,wsi_33152_11200.png
390,wsi_16128_23072.png
391,wsi_39648_27328.png
392,wsi_31136_35616.png
393,wsi_25088_17472.png
394,wsi_38528_25760.png
395,wsi_25984_34272.png
396,wsi_20160_18592.png
397,wsi_39648_18144.png
398,wsi_38528_31808.png
399,wsi_42784_21504.png
400,wsi_2240_23520.png
401,wsi_30016_15456.png
402,wsi_37184_12768.png
403,wsi_23744_32928.png
404,wsi_28896_10528.png
405,wsi_48608_22848.png
406,wsi_9632_22400.png
407,wsi_30464_29120.png
408,wsi_5824_18816.png
409,wsi_15680_20384.png
410,wsi_34496_21952.png
411,wsi_36736_21504.png
412,wsi_43008_24864.png
413,wsi_26432_15456.png
414,wsi_41440_28448.png
415,wsi_40992_11648.png
416,wsi_9184_13888.png
417,wsi_36064_39200.png
418,wsi_23744_21728.png
419,wsi_32704_17920.png
420,wsi_32480_31136.png
421,wsi_25984_26656.png
422,wsi_9184_26432.png
423,wsi_14560_13888.png
424,wsi_36288_15904.png
425,wsi_42336_24864.png
426,wsi_8064_24640.png
427,wsi_36512_39200.png
428,wsi_32928_13888.png
429,wsi_42336_33376.png
430,wsi_10528_15008.png
431,wsi_15008_15680.png
432,wsi_43232_13664.png
433,wsi_34048_10528.png
434,wsi_34048_28000.png
435,wsi_40320_16800.png
436,wsi_47040_12544.png
437,wsi_9408_20384.png
438,wsi_34272_20384.png
439,wsi_11200_14560.png
440,wsi_45696_25088.png
441,wsi_34272_14336.png
442,wsi_22176_12544.png
443,wsi_49056_25984.png
444,wsi_15008_24640.png
445,wsi_38080_7392.png
446,wsi_23072_32480.png
447,wsi_23744_31360.png
448,wsi_34944_11648.png
449,wsi_32480_27552.png
450,wsi_28448_22848.png
451,wsi_31584_36512.png
452,wsi_25088_30240.png
453,wsi_44128_16128.png
454,wsi_18368_23968.png
455,wsi_48832_25760.png
456,wsi_43680_19488.png
457,wsi_35392_8960.png
458,wsi_16352_24864.png
459,wsi_39424_32032.png
460,wsi_15680_12544.png
461,wsi_23072_9408.png
462,wsi_10304_26880.png
463,wsi_34944_28000.png
464,wsi_34496_25088.png
465,wsi_16352_19040.png
466,wsi_46592_29792.png
467,wsi_12992_15456.png
468,wsi_27104_8960.png
469,wsi_21504_19936.png
470,wsi_33600_10752.png
471,wsi_26432_27328.png
472,wsi_7840_22848.png
473,wsi_8512_21952.png
474,wsi_16800_19936.png
475,wsi_13440_26880.png
476,wsi_20608_17472.png
477,wsi_43456_37184.png
478,wsi_11200_12768.png
479,wsi_27552_25760.png
480,wsi_6496_23968.png
481,wsi_33600_7168.png
482,wsi_25312_26880.png
483,wsi_30464_14336.png
484,wsi_19040_29568.png
485,wsi_23744_19936.png
486,wsi_10976_29568.png
487,wsi_36960_18368.png
488,wsi_33824_21056.png
489,wsi_9408_21952.png
490,wsi_39648_8736.png
491,wsi_41888_17248.png
492,wsi_34272_19712.png
493,wsi_18368_17248.png
494,wsi_24192_25312.png
495,wsi_35616_30016.png
496,wsi_39424_28000.png
497,wsi_5600_17472.png
498,wsi_34720_7840.png
499,wsi_35616_7616.png
500,wsi_31584_20160.png
501,wsi_42560_27552.png
502,wsi_10304_28896.png
503,wsi_33152_6048.png
504,wsi_36512_32256.png
505,wsi_36736_26656.png
506,wsi_38752_15680.png
507,wsi_19488_28672.png
508,wsi_41216_13664.png
509,wsi_34048_32928.png
510,wsi_25536_26880.png
511,wsi_46816_26656.png
512,wsi_7840_15456.png
513,wsi_23296_32704.png
514,wsi_21056_10976.png
515,wsi_24192_20608.png
516,wsi_38304_16352.png
517,wsi_15008_30464.png
518,wsi_23520_15232.png
519,wsi_41888_24864.png
520,wsi_32704_23744.png
521,wsi_21504_10080.png
522,wsi_43904_21056.png
523,wsi_10752_21056.png
524,wsi_22848_18816.png
525,wsi_23968_30016.png
526,wsi_11648_19712.png
527,wsi_46368_30464.png
528,wsi_18816_12544.png
529,wsi_28224_34496.png
530,wsi_21504_20608.png
531,wsi_30912_24416.png
532,wsi_33824_19936.png
533,wsi_17696_21504.png
534,wsi_22400_29344.png
535,wsi_4032_17696.png
536,wsi_22176_32256.png
537,wsi_35840_19264.png
538,wsi_48832_27328.png
539,wsi_27104_21280.png
540,wsi_29568_25536.png
541,wsi_36512_13440.png
542,wsi_42560_34048.png
543,wsi_17248_17024.png
544,wsi_41440_23072.png
545,wsi_13440_25760.png
546,wsi_22400_23520.png
547,wsi_27552_28224.png
548,wsi_40992_13216.png
549,wsi_35840_6496.png
550,wsi_29120_21728.png
551,wsi_24640_25312.png
552,wsi_29792_29568.png
553,wsi_15232_13664.png
554,wsi_23968_30240.png
555,wsi_16352_30912.png
556,wsi_41888_27776.png
557,wsi_30240_8512.png
558,wsi_23968_15008.png
559,wsi_44352_30688.png
560,wsi_38528_18144.png
561,wsi_21952_19488.png
562,wsi_24416_14560.png
563,wsi_37632_19712.png
564,wsi_37632_18592.png
565,wsi_36288_19712.png
566,wsi_28000_10976.png
567,wsi_28000_19936.png
568,wsi_38752_17696.png
569,wsi_10304_17248.png
570,wsi_34272_32480.png
571,wsi_21504_16576.png
572,wsi_15680_16800.png
573,wsi_33376_37184.png
574,wsi_38752_24864.png
575,wsi_46816_25088.png
576,wsi_6496_16128.png
577,wsi_38304_22848.png
578,wsi_13216_15904.png
579,wsi_51072_24864.png
580,wsi_27552_15456.png
581,wsi_18368_27776.png
582,wsi_36736_14336.png
583,wsi_11424_19040.png
584,wsi_34272_34048.png
585,wsi_40768_19488.png
586,wsi_23968_33376.png
587,wsi_41888_32928.png
588,wsi_36736_13888.png
589,wsi_38080_24416.png
590,wsi_31584_25760.png
591,wsi_31584_28224.png
592,wsi_32480_28896.png
593,wsi_28000_29568.png
594,wsi_38528_23520.png
595,wsi_38528_23744.png
596,wsi_45248_31360.png
597,wsi_38976_11424.png
598,wsi_40544_22176.png
599,wsi_27104_15008.png
600,wsi_12992_14336.png
601,wsi_14336_26432.png
602,wsi_35616_10080.png
603,wsi_38752_23968.png
604,wsi_31584_17696.png
605,wsi_34496_36064.png
606,wsi_45024_30240.png
607,wsi_9184_25536.png
608,wsi_28672_16352.png
609,wsi_14560_21952.png
610,wsi_34720_9856.png
611,wsi_42784_26432.png
612,wsi_31808_16800.png
613,wsi_32928_35392.png
614,wsi_11872_25536.png
615,wsi_43904_28672.png
616,wsi_40768_33376.png
617,wsi_39424_32704.png
618,wsi_12992_21504.png
619,wsi_34944_11872.png
620,wsi_14560_20608.png
621,wsi_23744_30464.png
622,wsi_48160_28000.png
623,wsi_37856_25088.png
624,wsi_25984_16576.png
625,wsi_31584_8064.png
626,wsi_25088_17696.png
627,wsi_34272_18368.png
628,wsi_7168_18368.png
629,wsi_27328_11200.png
630,wsi_34048_29792.png
631,wsi_35168_26656.png
632,wsi_42112_28224.png
633,wsi_35168_21728.png
634,wsi_18816_14784.png
635,wsi_45024_26208.png
636,wsi_48608_27104.png
637,wsi_28672_30016.png
638,wsi_47936_29120.png
639,wsi_21280_23296.png
640,wsi_12992_28672.png
641,wsi_25984_17696.png
642,wsi_36960_28896.png
643,wsi_35392_37184.png
644,wsi_22848_20384.png
645,wsi_7168_16800.png
646,wsi_30240_22848.png
647,wsi_29344_8512.png
648,wsi_21280_26880.png
649,wsi_30016_34048.png
650,wsi_38304_29344.png
651,wsi_13664_18816.png
652,wsi_24192_12320.png
653,wsi_9856_18592.png
654,wsi_18592_17472.png
655,wsi_43456_33376.png
656,wsi_22176_15456.png
657,wsi_45472_21728.png
658,wsi_13440_28896.png
659,wsi_26880_31136.png
660,wsi_30464_35392.png
661,wsi_48160_25984.png
662,wsi_45696_25760.png
663,wsi_10976_17024.png
664,wsi_34048_23072.png
665,wsi_47488_23520.png
666,wsi_6496_19712.png
667,wsi_44128_22848.png
668,wsi_47264_11648.png
669,wsi_38528_28000.png
670,wsi_8736_19264.png
671,wsi_35168_17024.png
672,wsi_33152_12320.png
673,wsi_8960_15232.png
674,wsi_36960_14336.png
675,wsi_18592_19488.png
676,wsi_26880_18592.png
677,wsi_21952_28448.png
678,wsi_23520_33824.png
679,wsi_10528_23744.png
680,wsi_24192_31360.png
681,wsi_11648_23520.png
682,wsi_16800_26208.png
683,wsi_15232_20608.png
684,wsi_25088_10080.png
685,wsi_24864_32256.png
686,wsi_41888_14560.png
687,wsi_30688_16576.png
688,wsi_28448_26432.png
689,wsi_44576_31360.png
690,wsi_43904_28000.png
691,wsi_28224_15232.png
692,wsi_33152_30016.png
693,wsi_31584_34048.png
694,wsi_35840_15680.png
695,wsi_28448_20832.png
696,wsi_31808_24192.png
697,wsi_3136_23968.png
698,wsi_39872_18592.png
699,wsi_20608_13440.png
700,wsi_40992_18816.png
701,wsi_28224_9632.png
702,wsi_25088_19264.png
703,wsi_37408_35840.png
704,wsi_22176_25536.png
705,wsi_24416_16576.png
706,wsi_10528_26208.png
707,wsi_36064_31808.png
708,wsi_36736_13440.png
709,wsi_33152_12768.png
710,wsi_15904_13664.png
711,wsi_28672_15456.png
712,wsi_38080_13664.png
713,wsi_30912_28672.png
714,wsi_8512_17024.png
715,wsi_7168_17920.png
716,wsi_34944_33600.png
717,wsi_26208_9632.png
718,wsi_34272_6048.png
719,wsi_21280_8736.png
720,wsi_30912_13440.png
721,wsi_27776_18144.png
722,wsi_10304_25312.png
723,wsi_19936_14784.png
724,wsi_40992_12768.png
725,wsi_39200_31808.png
726,wsi_41216_22176.png
727,wsi_44128_28000.png
728,wsi_45472_32928.png
729,wsi_12320_23072.png
730,wsi_23744_18592.png
731,wsi_19264_28896.png
732,wsi_33376_13440.png
733,wsi_16800_25312.png
734,wsi_27552_28000.png
735,wsi_29568_34944.png
736,wsi_39200_30912.png
737,wsi_16128_24640.png
738,wsi_33824_16800.png
739,wsi_35840_29120.png
740,wsi_48384_27104.png
741,wsi_43904_30912.png
742,wsi_20608_30016.png
743,wsi_27776_12096.png
744,wsi_37856_7840.png
745,wsi_23520_16800.png
746,wsi_32480_34048.png
747,wsi_50400_27104.png
748,wsi_38976_18144.png
749,wsi_21056_16352.png
750,wsi_43232_28448.png
751,wsi_40096_26432.png
752,wsi_28224_33824.png
753,wsi_9408_14336.png
754,wsi_27104_26656.png
755,wsi_31584_15232.png
756,wsi_7168_22176.png
757,wsi_12544_27104.png
758,wsi_34720_11872.png
759,wsi_13888_13888.png
760,wsi_7392_15680.png
761,wsi_23968_9856.png
762,wsi_48608_23520.png
763,wsi_16128_19936.png
764,wsi_19040_13216.png
765,wsi_36512_8288.png
766,wsi_30240_31360.png
767,wsi_22848_25760.png
768,wsi_24864_28448.png
769,wsi_38528_11424.png
770,wsi_39648_30016.png
771,wsi_9632_17920.png
772,wsi_42560_12096.png
773,wsi_28224_25536.png
774,wsi_14336_27328.png
775,wsi_16352_26880.png
776,wsi_42336_18816.png
777,wsi_41664_31584.png
778,wsi_29344_11424.png
779,wsi_41440_12768.png
780,wsi_20832_10752.png
781,wsi_19936_17696.png
782,wsi_27328_32928.png
783,wsi_25312_29120.png
784,wsi_45696_31808.png
785,wsi_32704_15232.png
786,wsi_16576_25760.png
787,wsi_48384_28448.png
788,wsi_27776_27552.png
789,wsi_23296_21952.png
790,wsi_29568_13440.png
791,wsi_20608_31136.png
792,wsi_24864_34048.png
793,wsi_32256_30912.png
794,wsi_14784_23744.png
795,wsi_18144_29120.png
796,wsi_30240_19040.png
797,wsi_22400_32256.png
798,wsi_33600_17248.png
799,wsi_26208_19264.png
800,wsi_22624_32928.png
801,wsi_15008_13888.png
802,wsi_11872_28000.png
803,wsi_38976_17024.png
804,wsi_38752_17920.png
805,wsi_19040_20384.png
806,wsi_23968_22624.png
807,wsi_28224_12992.png
808,wsi_16800_15232.png
809,wsi_40544_25312.png
810,wsi_11872_15680.png
811,wsi_19936_29792.png
812,wsi_26208_13216.png
813,wsi_11200_22848.png
814,wsi_30240_32032.png
815,wsi_15456_26208.png
816,wsi_5152_16576.png
817,wsi_47040_11872.png
818,wsi_22176_17696.png
819,wsi_9408_15008.png
820,wsi_37184_26656.png
821,wsi_43456_21952.png
822,wsi_29120_16800.png
823,wsi_26432_17472.png
824,wsi_31136_16128.png
825,wsi_19936_11648.png
826,wsi_45696_24416.png
827,wsi_18368_24864.png
828,wsi_41888_18368.png
829,wsi_37184_12096.png
830,wsi_42560_15232.png
831,wsi_17248_30016.png
832,wsi_13888_19936.png
833,wsi_46368_24864.png
834,wsi_47488_11872.png
835,wsi_43232_30912.png
836,wsi_28224_35392.png
837,wsi_19264_28224.png
838,wsi_26656_20832.png
839,wsi_19264_11424.png
840,wsi_28000_35392.png
841,wsi_21056_31360.png
842,wsi_35392_23968.png
843,wsi_46816_31136.png
844,wsi_31808_20832.png
845,wsi_35840_24640.png
846,wsi_17920_15008.png
847,wsi_25312_20608.png
848,wsi_28672_25088.png
849,wsi_34944_31584.png
850,wsi_36736_24864.png
851,wsi_32032_33152.png
852,wsi_10528_17920.png
853,wsi_26432_11648.png
854,wsi_14784_19936.png
855,wsi_23968_14112.png
856,wsi_19712_18144.png
857,wsi_47488_26208.png
858,wsi_20608_25760.png
859,wsi_47936_27552.png
860,wsi_32480_30240.png
861,wsi_38752_27552.png
862,wsi_28448_18816.png
863,wsi_49056_28000.png
864,wsi_32480_30912.png
865,wsi_43904_27104.png
866,wsi_30240_24864.png
867,wsi_30240_35392.png
868,wsi_37408_27552.png
869,wsi_29120_13440.png
870,wsi_33152_23520.png
871,wsi_11872_20832.png
872,wsi_44128_21728.png
873,wsi_41440_32480.png
874,wsi_21056_16128.png
875,wsi_34496_19488.png
876,wsi_4480_17696.png
877,wsi_21280_12096.png
878,wsi_38080_12544.png
879,wsi_10752_15680.png
880,wsi_24416_25760.png
881,wsi_13664_12992.png
882,wsi_14112_18144.png
883,wsi_36512_30912.png
884,wsi_38752_33600.png
885,wsi_45472_26880.png
886,wsi_32032_40320.png
887,wsi_18816_18816.png
888,wsi_48384_30912.png
889,wsi_29120_15680.png
890,wsi_15456_17472.png
891,wsi_21728_13216.png
892,wsi_13216_12768.png
893,wsi_11424_21056.png
894,wsi_17024_30912.png
895,wsi_26432_33824.png
896,wsi_33376_10976.png
897,wsi_12768_23072.png
898,wsi_14112_26432.png
899,wsi_19488_30240.png
900,wsi_33824_35616.png
901,wsi_33376_22624.png
902,wsi_49728_28448.png
903,wsi_32704_19488.png
904,wsi_32480_17696.png
905,wsi_23072_31808.png
906,wsi_6720_22624.png
907,wsi_38080_12096.png
908,wsi_43008_20384.png
909,wsi_16576_28896.png
910,wsi_34048_19040.png
911,wsi_22400_28896.png
912,wsi_47936_12992.png
913,wsi_30016_23744.png
914,wsi_32032_38752.png
915,wsi_20160_27552.png
916,wsi_12320_13664.png
917,wsi_38304_28448.png
918,wsi_25312_20384.png
919,wsi_41888_34048.png
920,wsi_41664_24864.png
921,wsi_7840_21952.png
922,wsi_29792_7840.png
923,wsi_39648_32032.png
924,wsi_13888_18368.png
925,wsi_37408_23520.png
926,wsi_47040_30240.png
927,wsi_8512_16128.png
928,wsi_23744_26432.png
929,wsi_42112_18368.png
930,wsi_47712_25312.png
931,wsi_12768_12992.png
932,wsi_33376_8064.png
933,wsi_19488_14560.png
934,wsi_31360_10528.png
935,wsi_26208_16576.png
936,wsi_28224_32480.png
937,wsi_30016_16128.png
938,wsi_28224_30912.png
939,wsi_35392_20832.png
940,wsi_51520_25536.png
941,wsi_39648_15456.png
942,wsi_29120_15456.png
943,wsi_8064_23744.png
944,wsi_25536_31360.png
945,wsi_34272_22848.png
946,wsi_30016_15904.png
947,wsi_24416_12544.png
948,wsi_20608_9632.png
949,wsi_21952_22848.png
950,wsi_35392_31584.png
951,wsi_19936_21056.png
952,wsi_27328_9184.png
953,wsi_8736_21056.png
954,wsi_30464_21504.png
955,wsi_9408_26432.png
956,wsi_17248_31136.png
957,wsi_43680_33376.png
958,wsi_23296_17248.png
959,wsi_35392_8064.png
960,wsi_23520_12992.png
961,wsi_11200_27552.png
962,wsi_20608_28224.png
963,wsi_14112_19264.png
964,wsi_36288_17472.png
965,wsi_19936_13216.png
966,wsi_40768_22624.png
967,wsi_9184_17696.png
968,wsi_27776_35168.png
969,wsi_23744_30688.png
970,wsi_45472_28672.png
971,wsi_11648_22848.png
972,wsi_40768_24416.png
973,wsi_38752_9184.png
974,wsi_10752_25536.png
975,wsi_44576_30240.png
976,wsi_38752_27104.png
977,wsi_13888_17920.png
978,wsi_34496_12096.png
979,wsi_12992_21280.png
980,wsi_40544_11648.png
981,wsi_38976_12320.png
982,wsi_47488_25760.png
983,wsi_26656_19712.png
984,wsi_20384_25312.png
985,wsi_46592_30464.png
986,wsi_32480_12992.png
987,wsi_18144_19936.png
988,wsi_39200_28672.png
989,wsi_26880_24864.png
990,wsi_42112_33824.png
991,wsi_36064_26208.png
992,wsi_44576_15232.png
993,wsi_42336_13440.png
994,wsi_42112_38080.png
995,wsi_35616_22624.png
996,wsi_36064_24192.png
997,wsi_44128_25088.png
998,wsi_40992_16128.png
999,wsi_35840_36736.png
1000,wsi_25088_22176.png
1001,wsi_44352_16352.png
1002,wsi_5152_25312.png
1003,wsi_16576_26208.png
1004,wsi_17920_30464.png
1005,wsi_46592_21952.png
1006,wsi_40992_17248.png
1007,wsi_3136_16576.png
1008,wsi_21504_29792.png
1009,wsi_30240_30912.png
1010,wsi_22176_15904.png
1011,wsi_36960_26656.png
1012,wsi_32704_32256.png
1013,wsi_24864_8960.png
1014,wsi_12768_25760.png
1015,wsi_13664_27776.png
1016,wsi_32928_26656.png
1017,wsi_32928_19264.png
1018,wsi_32256_17920.png
1019,wsi_32480_18816.png
1020,wsi_27552_33824.png
1021,wsi_29344_31808.png
1022,wsi_15456_16576.png
1023,wsi_28896_9408.png
1024,wsi_28672_17248.png
1025,wsi_32256_34272.png
1026,wsi_42112_13440.png
1027,wsi_43008_13216.png
1028,wsi_15904_18144.png
1029,wsi_18144_14784.png
1030,wsi_20832_11200.png
1031,wsi_21280_13440.png
1032,wsi_30464_32480.png
1033,wsi_22176_17472.png
1034,wsi_31584_21280.png
1035,wsi_33152_30464.png
1036,wsi_27104_26208.png
1037,wsi_28000_21056.png
1038,wsi_41664_16576.png
1039,wsi_24416_17472.png
1040,wsi_8512_15008.png
1041,wsi_39872_12768.png
1042,wsi_37184_11648.png
1043,wsi_8960_15904.png
1044,wsi_28000_14336.png
1045,wsi_28896_28448.png
1046,wsi_29344_8736.png
1047,wsi_20384_14560.png
1048,wsi_31360_12768.png
1049,wsi_40992_20608.png
1050,wsi_38976_23968.png
1051,wsi_30464_36960.png
1052,wsi_23072_21280.png
1053,wsi_31360_34720.png
1054,wsi_36064_6720.png
1055,wsi_7616_18144.png
1056,wsi_38528_11200.png
1057,wsi_21056_29568.png
1058,wsi_12768_14784.png
1059,wsi_39872_5600.png
1060,wsi_47040_12992.png
1061,wsi_41888_38080.png
1062,wsi_32480_6720.png
1063,wsi_12096_16352.png
1064,wsi_36960_13216.png
1065,wsi_41888_23520.png
1066,wsi_28000_15904.png
1067,wsi_20384_11200.png
1068,wsi_19264_24864.png
1069,wsi_32480_35168.png
1070,wsi_47712_31360.png
1071,wsi_28224_30464.png
1072,wsi_23296_12096.png
1073,wsi_20384_15456.png
1074,wsi_9856_18144.png
1075,wsi_37632_8960.png
1076,wsi_27776_35392.png
1077,wsi_36960_10976.png
1078,wsi_31136_23520.png
1079,wsi_23296_18368.png
1080,wsi_10976_26656.png
1081,wsi_26656_10304.png
1082,wsi_4928_23520.png
1083,wsi_6048_18816.png
1084,wsi_13440_23968.png
1085,wsi_26656_32480.png
1086,wsi_19040_25312.png
1087,wsi_18816_13888.png
1088,wsi_39872_22176.png
1089,wsi_35616_12768.png
1090,wsi_32704_18592.png
1091,wsi_31136_38976.png
1092,wsi_26208_17472.png
1093,wsi_15456_21728.png
1094,wsi_42336_25984.png
1095,wsi_33152_23968.png
1096,wsi_17248_28000.png
1097,wsi_22176_28224.png
1098,wsi_33152_11424.png
1099,wsi_30240_31136.png
1100,wsi_33376_16800.png
1101,wsi_5376_22624.png
1102,wsi_31584_33600.png
1103,wsi_6720_20160.png
1104,wsi_24416_15232.png
1105,wsi_32032_10528.png
1106,wsi_31136_29344.png
1107,wsi_11200_25984.png
1108,wsi_40544_13440.png
1109,wsi_32256_21728.png
1110,wsi_31584_34272.png
1111,wsi_11872_12992.png
1112,wsi_30464_13440.png
1113,wsi_42336_12992.png
1114,wsi_44800_33376.png
1115,wsi_21056_17696.png
1116,wsi_17920_10976.png
1117,wsi_4704_15904.png
1118,wsi_10304_22624.png
1119,wsi_36960_26432.png
1120,wsi_15680_28672.png
1121,wsi_32928_11872.png
1122,wsi_26208_32032.png
1123,wsi_16128_30464.png
1124,wsi_6944_21504.png
1125,wsi_24864_34496.png
1126,wsi_33376_27104.png
1127,wsi_20832_20384.png
1128,wsi_40992_33600.png
1129,wsi_5824_17920.png
1130,wsi_19264_23296.png
1131,wsi_22624_13888.png
1132,wsi_21728_11648.png
1133,wsi_44576_17024.png
1134,wsi_41888_31584.png
1135,wsi_32928_30464.png
1136,wsi_19936_10528.png
1137,wsi_22624_11424.png
1138,wsi_18816_20832.png
1139,wsi_8960_25760.png
1140,wsi_31360_34048.png
1141,wsi_6944_15456.png
1142,wsi_9632_16800.png
1143,wsi_16800_14112.png
1144,wsi_14336_29568.png
1145,wsi_48160_28672.png
1146,wsi_16128_28896.png
1147,wsi_26208_8736.png
1148,wsi_21280_20832.png
1149,wsi_17248_14784.png
1150,wsi_27104_11648.png
1151,wsi_32480_19712.png
1152,wsi_42336_14112.png
1153,wsi_30912_39200.png
1154,wsi_14560_29792.png
1155,wsi_40768_15008.png
1156,wsi_30240_17920.png
1157,wsi_46368_12544.png
1158,wsi_30464_37856.png
1159,wsi_31136_38528.png
1160,wsi_8512_21280.png
1161,wsi_15232_16128.png
1162,wsi_6720_17472.png
1163,wsi_17024_27328.png
1164,wsi_33152_37856.png
1165,wsi_26432_32704.png
1166,wsi_31136_30464.png
1167,wsi_37632_12544.png
1168,wsi_22400_22848.png
1169,wsi_40992_26432.png
1170,wsi_19712_21728.png
1171,wsi_7168_19712.png
1172,wsi_31136_15232.png
1173,wsi_44352_36064.png
1174,wsi_33824_19712.png
1175,wsi_20160_17920.png
1176,wsi_29792_21504.png
1177,wsi_34048_29568.png
1178,wsi_14336_28224.png
1179,wsi_13664_25984.png
1180,wsi_34720_18144.png
1181,wsi_17472_26656.png
1182,wsi_22176_28896.png
1183,wsi_14784_29792.png
1184,wsi_40544_13216.png
1185,wsi_30016_30464.png
1186,wsi_19264_27328.png
1187,wsi_44128_33824.png
1188,wsi_29568_27328.png
1189,wsi_33376_38752.png
1190,wsi_23520_25088.png
1191,wsi_41664_10752.png
1192,wsi_32256_8960.png
1193,wsi_10528_28896.png
1194,wsi_39648_26432.png
1195,wsi_37856_15680.png
1196,wsi_14784_21952.png
1197,wsi_31136_25760.png
1198,wsi_30688_12544.png
1199,wsi_28224_7168.png
1200,wsi_18592_12096.png
1201,wsi_33152_35168.png
1202,wsi_21728_21504.png
1203,wsi_22624_32704.png
1204,wsi_16352_15904.png
1205,wsi_28448_32256.png
1206,wsi_35840_16800.png
1207,wsi_34496_19040.png
1208,wsi_29568_13664.png
1209,wsi_45696_26208.png
1210,wsi_28672_17920.png
1211,wsi_43232_23968.png
1212,wsi_39648_5376.png
1213,wsi_21728_29344.png
1214,wsi_32480_6944.png
1215,wsi_26656_18144.png
1216,wsi_11424_28448.png
1217,wsi_39424_33824.png
1218,wsi_42336_26880.png
1219,wsi_40992_32704.png
1220,wsi_38528_25536.png
1221,wsi_35616_39648.png
1222,wsi_23520_32480.png
1223,wsi_24192_27104.png
1224,wsi_21056_19936.png
1225,wsi_45024_24192.png
1226,wsi_36288_21280.png
1227,wsi_23296_33152.png
1228,wsi_17248_11424.png
1229,wsi_46144_30464.png
1230,wsi_24864_10752.png
1231,wsi_43008_32704.png
1232,wsi_16352_12992.png
1233,wsi_43456_15680.png
1234,wsi_2464_24192.png
1235,wsi_18592_10976.png
1236,wsi_46144_26880.png
1237,wsi_25760_11200.png
1238,wsi_38976_33376.png
1239,wsi_31808_15232.png
1240,wsi_27552_9184.png
1241,wsi_14336_23744.png
1242,wsi_34272_35168.png
1243,wsi_3360_23744.png
1244,wsi_17920_11424.png
1245,wsi_2016_23296.png
1246,wsi_13440_21504.png
1247,wsi_34496_6720.png
1248,wsi_45920_22624.png
1249,wsi_46592_28448.png
1250,wsi_30240_11648.png
1251,wsi_25984_17472.png
1252,wsi_35168_26432.png
1253,wsi_49952_24864.png
1254,wsi_25984_33152.png
1255,wsi_21056_25088.png
1256,wsi_33376_33376.png
1257,wsi_21056_16576.png
1258,wsi_32928_25312.png
1259,wsi_21728_23296.png
1260,wsi_13888_27328.png
1261,wsi_12992_23520.png
1262,wsi_11872_38976.png
1263,wsi_38304_10080.png
1264,wsi_44128_34048.png
1265,wsi_31360_39424.png
1266,wsi_11200_27104.png
1267,wsi_28224_17696.png
1268,wsi_27776_12320.png
1269,wsi_35616_5824.png
1270,wsi_42336_30688.png
1271,wsi_26656_8064.png
1272,wsi_25760_27776.png
1273,wsi_12320_16128.png
1274,wsi_31360_8512.png
1275,wsi_33376_32032.png
1276,wsi_37856_8288.png
1277,wsi_42784_18368.png
1278,wsi_30688_27328.png
1279,wsi_21056_28448.png
1280,wsi_28224_21728.png
1281,wsi_34720_21280.png
1282,wsi_27104_21728.png
1283,wsi_29568_19936.png
1284,wsi_16352_21280.png
1285,wsi_30240_12320.png
1286,wsi_45920_30240.png
1287,wsi_15232_13888.png
1288,wsi_39424_12320.png
1289,wsi_36960_38752.png
1290,wsi_17696_19040.png
1291,wsi_13888_14560.png
1292,wsi_36736_23968.png
1293,wsi_22176_24416.png
1294,wsi_36288_10304.png
1295,wsi_27104_30464.png
1296,wsi_27328_25536.png
1297,wsi_4480_14784.png
1298,wsi_16128_21728.png
1299,wsi_18144_28896.png
1300,wsi_26880_9408.png
1301,wsi_33824_35168.png
1302,wsi_36736_13216.png
1303,wsi_21952_9184.png
1304,wsi_2688_23744.png
1305,wsi_33824_5824.png
1306,wsi_40320_10976.png
1307,wsi_28672_7168.png
1308,wsi_44352_21952.png
1309,wsi_9184_22176.png
1310,wsi_41440_37856.png
1311,wsi_49728_26208.png
1312,wsi_5600_16800.png
1313,wsi_18816_28896.png
1314,wsi_32480_23968.png
1315,wsi_43008_14784.png
1316,wsi_29344_29120.png
1317,wsi_41216_22848.png
1318,wsi_29344_13216.png
1319,wsi_42784_31584.png
1320,wsi_23296_31136.png
1321,wsi_28448_24640.png
1322,wsi_15008_19040.png
1323,wsi_8736_26432.png
1324,wsi_12096_30016.png
1325,wsi_33152_28672.png
1326,wsi_6272_23072.png
1327,wsi_15008_29792.png
1328,wsi_17696_21280.png
1329,wsi_37184_29120.png
1330,wsi_5152_16352.png
1331,wsi_34944_24640.png
1332,wsi_31584_33152.png
1333,wsi_12544_15680.png
1334,wsi_9856_24640.png
1335,wsi_30912_34720.png
1336,wsi_30016_12992.png
1337,wsi_44352_28224.png
1338,wsi_14112_26208.png
1339,wsi_30912_14112.png
1340,wsi_4704_15008.png
1341,wsi_35840_21952.png
1342,wsi_11872_30016.png
1343,wsi_15904_17920.png
1344,wsi_43232_23072.png
1345,wsi_36064_23968.png
1346,wsi_39200_25536.png
1347,wsi_22176_25088.png
1348,wsi_29568_19488.png
1349,wsi_45696_12544.png
1350,wsi_41664_12096.png
1351,wsi_23296_33376.png
1352,wsi_25760_7616.png
1353,wsi_35840_33824.png
1354,wsi_17472_15008.png
1355,wsi_43232_13440.png
1356,wsi_22624_27104.png
1357,wsi_30016_20608.png
1358,wsi_35392_38752.png
1359,wsi_24864_17024.png
1360,wsi_44128_19040.png
1361,wsi_30240_32704.png
1362,wsi_10976_21728.png
1363,wsi_7616_20832.png
1364,wsi_8512_17248.png
1365,wsi_34944_21728.png
1366,wsi_26656_16128.png
1367,wsi_38304_21056.png
1368,wsi_28672_9408.png
1369,wsi_11872_27328.png
1370,wsi_44800_31360.png
1371,wsi_36736_27776.png
1372,wsi_39648_17920.png
1373,wsi_7168_21952.png
1374,wsi_40768_21056.png
1375,wsi_41440_32704.png
1376,wsi_12768_27552.png
1377,wsi_15008_20832.png
1378,wsi_40768_30912.png
1379,wsi_9632_20832.png
1380,wsi_33152_22400.png
1381,wsi_23968_15456.png
1382,wsi_7392_22624.png
1383,wsi_35392_23296.png
1384,wsi_38528_28896.png
1385,wsi_18144_13440.png
1386,wsi_31360_10304.png
1387,wsi_37184_27104.png
1388,wsi_8064_19488.png
1389,wsi_26656_30912.png
1390,wsi_33152_32480.png
1391,wsi_15456_21504.png
1392,wsi_37408_17696.png
1393,wsi_36736_10304.png
1394,wsi_25984_28672.png
1395,wsi_45024_26880.png
1396,wsi_19936_25760.png
1397,wsi_23520_30688.png
1398,wsi_38976_10976.png
1399,wsi_26208_9408.png
1400,wsi_25984_9632.png
1401,wsi_18592_26432.png
1402,wsi_34720_17248.png
1403,wsi_47264_22400.png
1404,wsi_17472_15680.png
1405,wsi_12096_23520.png
1406,wsi_30016_28224.png
1407,wsi_19712_23968.png
1408,wsi_43232_21504.png
1409,wsi_35840_36960.png
1410,wsi_17024_26432.png
1411,wsi_7840_14336.png
1412,wsi_31584_11424.png
1413,wsi_29568_34048.png
1414,wsi_19488_22176.png
1415,wsi_42112_27776.png
1416,wsi_41440_19488.png
1417,wsi_13888_20160.png
1418,wsi_31136_21056.png
1419,wsi_38528_13440.png
1420,wsi_25088_19488.png
1421,wsi_20832_30016.png
1422,wsi_41664_28672.png
1423,wsi_22400_10528.png
1424,wsi_12768_40320.png
1425,wsi_19936_16352.png
1426,wsi_18816_24416.png
1427,wsi_43008_14560.png
1428,wsi_15456_13664.png
1429,wsi_36512_24192.png
1430,wsi_18368_25088.png
1431,wsi_47712_31584.png
1432,wsi_40544_22624.png
1433,wsi_33376_21280.png
1434,wsi_43680_24864.png
1435,wsi_28672_32032.png
1436,wsi_41664_21056.png
1437,wsi_21504_13888.png
1438,wsi_37408_6944.png
1439,wsi_32928_20832.png
1440,wsi_20832_9632.png
1441,wsi_47264_31584.png
1442,wsi_33152_25984.png
1443,wsi_25088_8512.png
1444,wsi_37408_26880.png
1445,wsi_31360_14560.png
1446,wsi_20384_26656.png
1447,wsi_17248_30912.png
1448,wsi_20608_17024.png
1449,wsi_30240_28448.png
1450,wsi_32480_30016.png
1451,wsi_40320_30912.png
1452,wsi_45920_30688.png
1453,wsi_14112_22400.png
1454,wsi_34720_15904.png
1455,wsi_44352_18368.png
1456,wsi_6272_17696.png
1457,wsi_43008_19264.png
1458,wsi_42112_15008.png
1459,wsi_37184_30688.png
1460,wsi_37408_17472.png
1461,wsi_6272_15008.png
1462,wsi_13888_30240.png
1463,wsi_21056_16800.png
1464,wsi_10752_17696.png
1465,wsi_27328_24864.png
1466,wsi_23520_22176.png
1467,wsi_32704_23072.png
1468,wsi_33824_24640.png
1469,wsi_26432_30016.png
1470,wsi_17920_18816.png
1471,wsi_12992_28000.png
1472,wsi_28672_11424.png
1473,wsi_33376_21056.png
1474,wsi_4256_16352.png
1475,wsi_39872_19712.png
1476,wsi_35168_15232.png
1477,wsi_15904_21952.png
1478,wsi_9184_23968.png
1479,wsi_5600_17696.png
1480,wsi_45920_25312.png
1481,wsi_44576_24864.png
1482,wsi_19040_22400.png
1483,wsi_45472_25984.png
1484,wsi_37408_20384.png
1485,wsi_31360_19488.png
1486,wsi_44800_28224.png
1487,wsi_43008_28672.png
1488,wsi_21504_25984.png
1489,wsi_36064_36064.png
1490,wsi_47936_12768.png
1491,wsi_40768_29344.png
1492,wsi_28224_34720.png
1493,wsi_43232_21056.png
1494,wsi_9856_20832.png
1495,wsi_26880_30016.png
1496,wsi_24192_25536.png
1497,wsi_31360_19264.png
1498,wsi_36512_38304.png
1499,wsi_27776_10080.png
1500,wsi_6496_17248.png
1501,wsi_48384_24192.png
1502,wsi_41216_17248.png
1503,wsi_12320_27552.png
1504,wsi_44576_22400.png
1505,wsi_31360_21056.png
1506,wsi_19040_22624.png
1507,wsi_13440_24192.png
1508,wsi_6048_23296.png
1509,wsi_16576_11872.png
1510,wsi_23296_27104.png
1511,wsi_11648_38976.png
1512,wsi_19264_29344.png
1513,wsi_30240_17472.png
1514,wsi_33376_20608.png
1515,wsi_8512_22624.png
1516,wsi_18368_26432.png
1517,wsi_28448_33376.png
1518,wsi_33376_31136.png
1519,wsi_39872_15456.png
1520,wsi_19040_12992.png
1521,wsi_42784_23744.png
1522,wsi_25312_9632.png
1523,wsi_26432_21056.png
1524,wsi_24640_23520.png
1525,wsi_32704_32928.png
1526,wsi_33824_39648.png
1527,wsi_30464_19936.png
1528,wsi_48608_30016.png
1529,wsi_37632_25312.png
1530,wsi_43008_26656.png
1531,wsi_44576_33824.png
1532,wsi_10528_40320.png
1533,wsi_37408_9856.png
1534,wsi_28896_20832.png
1535,wsi_35616_15680.png
1536,wsi_33152_20160.png
1537,wsi_39648_16800.png
1538,wsi_19936_22624.png
1539,wsi_45696_28896.png
1540,wsi_13216_27552.png
1541,wsi_9184_18368.png
1542,wsi_24416_16800.png
1543,wsi_32032_28672.png
1544,wsi_42784_37184.png
1545,wsi_39648_38752.png
1546,wsi_44128_20384.png
1547,wsi_30912_25760.png
1548,wsi_8512_15680.png
1549,wsi_30912_36736.png
1550,wsi_24864_17696.png
1551,wsi_35392_9856.png
1552,wsi_4928_15904.png
1553,wsi_35616_11648.png
1554,wsi_8064_24864.png
1555,wsi_28448_15008.png
1556,wsi_39200_28000.png
1557,wsi_33152_28896.png
1558,wsi_32256_6496.png
1559,wsi_37632_12096.png
1560,wsi_43904_33824.png
1561,wsi_27328_12544.png
1562,wsi_35616_25536.png
1563,wsi_20608_11872.png
1564,wsi_15232_25088.png
1565,wsi_28224_35840.png
1566,wsi_44800_29120.png
1567,wsi_30464_33600.png
1568,wsi_15008_20608.png
1569,wsi_9632_16128.png
1570,wsi_31136_38304.png
1571,wsi_43456_33600.png
1572,wsi_40544_25088.png
1573,wsi_39200_31360.png
1574,wsi_20832_11424.png
1575,wsi_14336_13216.png
1576,wsi_49280_26208.png
1577,wsi_42784_17472.png
1578,wsi_47936_34944.png
1579,wsi_29568_9632.png
1580,wsi_30912_15904.png
1581,wsi_36064_11200.png
1582,wsi_42112_23072.png
1583,wsi_41888_30464.png
1584,wsi_12096_13664.png
1585,wsi_30016_33600.png
1586,wsi_42112_23968.png
1587,wsi_42112_27552.png
1588,wsi_40096_18816.png
1589,wsi_6944_25760.png
1590,wsi_31360_13216.png
1591,wsi_27328_29568.png
1592,wsi_47712_13216.png
1593,wsi_41216_10976.png
1594,wsi_2016_23520.png
1595,wsi_36960_25088.png
1596,wsi_38752_26208.png
1597,wsi_11648_20384.png
1598,wsi_19936_26880.png
1599,wsi_26880_31584.png
1600,wsi_44800_15904.png
1601,wsi_43456_16800.png
1602,wsi_44576_22848.png
1603,wsi_16800_28000.png
1604,wsi_8960_21056.png
1605,wsi_31136_17696.png
1606,wsi_26656_12096.png
1607,wsi_17248_29568.png
1608,wsi_49952_25760.png
1609,wsi_20608_12320.png
1610,wsi_32480_25760.png
1611,wsi_9632_40096.png
1612,wsi_35616_29120.png
1613,wsi_6944_18816.png
1614,wsi_21728_31808.png
1615,wsi_12320_19264.png
1616,wsi_37632_24192.png
1617,wsi_26656_24192.png
1618,wsi_23072_23968.png
1619,wsi_25536_19264.png
1620,wsi_45248_26208.png
1621,wsi_20160_16800.png
1622,wsi_28448_33824.png
1623,wsi_27104_19264.png
1624,wsi_40096_19712.png
1625,wsi_17696_26656.png
1626,wsi_19936_23968.png
1627,wsi_34496_24864.png
1628,wsi_32928_8960.png
1629,wsi_37184_35616.png
1630,wsi_17920_22848.png
1631,wsi_38752_28896.png
1632,wsi_39200_33152.png
1633,wsi_28896_20384.png
1634,wsi_31584_15456.png
1635,wsi_30464_34720.png
1636,wsi_29344_10528.png
1637,wsi_32256_11872.png
1638,wsi_27328_25312.png
1639,wsi_29344_12096.png
1640,wsi_42560_32480.png
1641,wsi_7840_19264.png
1642,wsi_24416_9632.png
1643,wsi_45696_27552.png
1644,wsi_19040_15456.png
1645,wsi_30016_25984.png
1646,wsi_46592_27104.png
1647,wsi_44352_22624.png
1648,wsi_18144_24640.png
1649,wsi_38752_21056.png
1650,wsi_7168_21504.png
1651,wsi_32032_34272.png
1652,wsi_43232_32256.png
1653,wsi_9856_23744.png
1654,wsi_30912_24640.png
1655,wsi_43232_23296.png
1656,wsi_39648_15008.png
1657,wsi_20384_28224.png
1658,wsi_44576_23072.png
1659,wsi_41664_33152.png
1660,wsi_24640_11648.png
1661,wsi_23072_33152.png
1662,wsi_25760_33152.png
1663,wsi_19712_24864.png
1664,wsi_29344_26208.png
1665,wsi_41216_15232.png
1666,wsi_42784_29568.png
1667,wsi_25760_20384.png
1668,wsi_24640_27552.png
1669,wsi_16128_29568.png
1670,wsi_44352_18592.png
1671,wsi_34496_22176.png
1672,wsi_28672_18816.png
1673,wsi_35616_25312.png
1674,wsi_40320_30464.png
1675,wsi_31136_35840.png
1676,wsi_11872_25088.png
1677,wsi_8288_19264.png
1678,wsi_23744_14112.png
1679,wsi_31136_7616.png
1680,wsi_40096_17696.png
1681,wsi_33376_35168.png
1682,wsi_23520_32032.png
1683,wsi_40768_28224.png
1684,wsi_15680_21952.png
1685,wsi_45696_32256.png
1686,wsi_30016_21056.png
1687,wsi_21952_10528.png
1688,wsi_33152_10976.png
1689,wsi_24640_23296.png
1690,wsi_21504_12768.png
1691,wsi_14560_21504.png
1692,wsi_9408_15680.png
1693,wsi_48832_29120.png
1694,wsi_45472_31136.png
1695,wsi_35616_13664.png
1696,wsi_38752_24640.png
1697,wsi_26208_22848.png
1698,wsi_40544_12544.png
1699,wsi_21952_30240.png
1700,wsi_45024_16352.png
1701,wsi_43680_24416.png
1702,wsi_34720_36288.png
1703,wsi_11872_18592.png
1704,wsi_32032_19040.png
1705,wsi_32032_38976.png
1706,wsi_17472_11424.png
1707,wsi_7392_15904.png
1708,wsi_31360_9408.png
1709,wsi_47712_23296.png
1710,wsi_24640_29120.png
1711,wsi_27552_28672.png
1712,wsi_31360_14784.png
1713,wsi_24416_19712.png
1714,wsi_27328_21056.png
1715,wsi_12096_22400.png
1716,wsi_28000_25984.png
1717,wsi_35616_10976.png
1718,wsi_22624_19488.png
1719,wsi_42336_27776.png
1720,wsi_25760_29568.png
1721,wsi_11872_27552.png
1722,wsi_22848_30688.png
1723,wsi_22176_23296.png
1724,wsi_49056_23744.png
1725,wsi_18368_23744.png
1726,wsi_17920_29344.png
1727,wsi_20160_28896.png
1728,wsi_49952_25088.png
1729,wsi_22624_33376.png
1730,wsi_25984_23744.png
1731,wsi_22176_18144.png
1732,wsi_19264_21728.png
1733,wsi_15456_26656.png
1734,wsi_34944_38752.png
1735,wsi_23072_10080.png
1736,wsi_34272_8064.png
1737,wsi_25088_20832.png
1738,wsi_17024_21952.png
1739,wsi_23744_17696.png
1740,wsi_10528_28448.png
1741,wsi_21056_26208.png
1742,wsi_42336_28224.png
1743,wsi_43680_16128.png
1744,wsi_41664_32256.png
1745,wsi_43680_31584.png
1746,wsi_37856_27552.png
1747,wsi_8064_15232.png
1748,wsi_30912_31808.png
1749,wsi_24416_17920.png
1750,wsi_45920_30912.png
1751,wsi_17920_27776.png
1752,wsi_36960_6496.png
1753,wsi_17024_12768.png
1754,wsi_39872_23744.png
1755,wsi_14784_30464.png
1756,wsi_9856_28224.png
1757,wsi_20160_29568.png
1758,wsi_22400_10752.png
1759,wsi_11648_26432.png
1760,wsi_32928_33824.png
1761,wsi_14560_28896.png
1762,wsi_29568_32928.png
1763,wsi_30464_26432.png
1764,wsi_33824_30688.png
1765,wsi_11424_40544.png
1766,wsi_25984_12320.png
1767,wsi_17472_14560.png
1768,wsi_32480_32480.png
1769,wsi_25536_30016.png
1770,wsi_33152_18368.png
1771,wsi_31360_36288.png
1772,wsi_24864_15232.png
1773,wsi_3360_16576.png
1774,wsi_34944_22624.png
1775,wsi_27328_8736.png
1776,wsi_44576_20160.png
1777,wsi_32032_13888.png
1778,wsi_23520_28448.png
1779,wsi_12768_16128.png
1780,wsi_27776_19936.png
1781,wsi_43680_26880.png
1782,wsi_39200_9856.png
1783,wsi_18144_12544.png
1784,wsi_36736_25088.png
1785,wsi_18592_29120.png
1786,wsi_6272_25088.png
1787,wsi_40320_16128.png
1788,wsi_5600_18816.png
1789,wsi_25984_9856.png
1790,wsi_18816_29568.png
1791,wsi_19264_14560.png
1792,wsi_21728_31136.png
1793,wsi_39648_22848.png
1794,wsi_31136_38752.png
1795,wsi_29792_31136.png
1796,wsi_38528_18816.png
1797,wsi_24640_32032.png
1798,wsi_11200_13440.png
1799,wsi_11648_16128.png
1800,wsi_47040_23072.png
1801,wsi_9184_18592.png
1802,wsi_37856_25984.png
1803,wsi_22848_24864.png
1804,wsi_45472_23520.png
1805,wsi_28224_24864.png
1806,wsi_51296_25312.png
1807,wsi_19936_21504.png
1808,wsi_25760_27104.png
1809,wsi_45696_23968.png
1810,wsi_36512_26880.png
1811,wsi_9184_21952.png
1812,wsi_34496_12768.png
1813,wsi_40992_31136.png
1814,wsi_29792_35840.png
1815,wsi_22848_12544.png
1816,wsi_36512_10528.png
1817,wsi_22624_19936.png
1818,wsi_39200_10080.png
1819,wsi_28000_30688.png
1820,wsi_34496_29792.png
1821,wsi_38528_7616.png
1822,wsi_28672_11200.png
1823,wsi_19712_17248.png
1824,wsi_24192_15232.png
1825,wsi_31584_32928.png
1826,wsi_17696_25088.png
1827,wsi_20608_12096.png
1828,wsi_43904_23744.png
1829,wsi_32704_27328.png
1830,wsi_28448_25312.png
1831,wsi_17920_19488.png
1832,wsi_4480_23072.png
1833,wsi_28448_20608.png
1834,wsi_35168_6944.png
1835,wsi_44800_23520.png
1836,wsi_29568_16128.png
1837,wsi_20832_26880.png
1838,wsi_19936_28448.png
1839,wsi_34496_36736.png
1840,wsi_16576_29120.png
1841,wsi_45920_23296.png
1842,wsi_40096_11200.png
1843,wsi_44128_27104.png
1844,wsi_27552_35168.png
1845,wsi_48832_28672.png
1846,wsi_32704_39872.png
1847,wsi_31136_34272.png
1848,wsi_20608_25536.png
1849,wsi_29344_15456.png
1850,wsi_21952_12544.png
1851,wsi_45024_31584.png
1852,wsi_23072_19712.png
1853,wsi_38752_8736.png
1854,wsi_31136_13888.png
1855,wsi_7616_14112.png
1856,wsi_43456_26656.png
1857,wsi_26208_29120.png
1858,wsi_40768_26432.png
1859,wsi_38304_26432.png
1860,wsi_29568_16576.png
1861,wsi_20832_27104.png
1862,wsi_45920_32480.png
1863,wsi_8736_22624.png
1864,wsi_34944_17696.png
1865,wsi_31584_38752.png
1866,wsi_31136_12096.png
1867,wsi_6720_24192.png
1868,wsi_30016_11872.png
1869,wsi_23296_27776.png
1870,wsi_25760_15456.png
1871,wsi_40768_20160.png
1872,wsi_31360_29120.png
1873,wsi_6272_14560.png
1874,wsi_16352_28448.png
1875,wsi_42784_31136.png
1876,wsi_34944_12992.png
1877,wsi_16576_17696.png
1878,wsi_17920_15456.png
1879,wsi_34048_34720.png
1880,wsi_28224_22400.png
1881,wsi_17472_18592.png
1882,wsi_34272_33824.png
1883,wsi_24640_22848.png
1884,wsi_28448_16352.png
1885,wsi_18816_23072.png
1886,wsi_35392_28896.png
1887,wsi_15232_17024.png
1888,wsi_34496_23072.png
1889,wsi_19264_28000.png
1890,wsi_32928_10304.png
1891,wsi_37856_30688.png
1892,wsi_37856_38752.png
1893,wsi_22400_25536.png
1894,wsi_34944_27328.png
1895,wsi_27776_18368.png
1896,wsi_41888_12992.png
1897,wsi_36960_32928.png
1898,wsi_10752_20160.png
1899,wsi_46368_21728.png
1900,wsi_36064_39872.png
1901,wsi_29344_20384.png
1902,wsi_17696_26880.png
1903,wsi_40320_22176.png
1904,wsi_27104_25536.png
1905,wsi_9632_26656.png
1906,wsi_24640_18368.png
1907,wsi_34048_23520.png
1908,wsi_14560_22176.png
1909,wsi_34720_34720.png
1910,wsi_32480_34944.png
1911,wsi_29344_8288.png
1912,wsi_38976_22624.png
1913,wsi_43232_20160.png
1914,wsi_32032_28896.png
1915,wsi_27328_27552.png
1916,wsi_41888_17696.png
1917,wsi_47040_28000.png
1918,wsi_31136_8512.png
1919,wsi_29120_33376.png
1920,wsi_46592_20832.png
1921,wsi_37408_8288.png
1922,wsi_16800_27104.png
1923,wsi_29120_35840.png
1924,wsi_42784_22176.png
1925,wsi_35840_9632.png
1926,wsi_25536_34720.png
1927,wsi_19712_23072.png
1928,wsi_32928_33376.png
1929,wsi_46144_21952.png
1930,wsi_11424_13216.png
1931,wsi_9184_15008.png
1932,wsi_18816_23296.png
1933,wsi_29792_25312.png
1934,wsi_46592_26656.png
1935,wsi_34048_39424.png
1936,wsi_31808_20384.png
1937,wsi_13888_12992.png
1938,wsi_35840_8736.png
1939,wsi_47712_23520.png
1940,wsi_36064_30016.png
1941,wsi_23296_20608.png
1942,wsi_46592_24640.png
1943,wsi_22400_33600.png
1944,wsi_24416_28896.png
1945,wsi_40096_17472.png
1946,wsi_38080_13216.png
1947,wsi_25760_23296.png
1948,wsi_25312_21056.png
1949,wsi_9632_19040.png
1950,wsi_29344_15232.png
1951,wsi_29792_13664.png
1952,wsi_32032_38304.png
1953,wsi_25536_30912.png
1954,wsi_13664_21504.png
1955,wsi_25312_11648.png
1956,wsi_23520_9856.png
1957,wsi_26880_30464.png
1958,wsi_7168_23520.png
1959,wsi_38976_14112.png
1960,wsi_17696_12544.png
1961,wsi_31360_15680.png
1962,wsi_19712_16128.png
1963,wsi_26656_21728.png
1964,wsi_42112_17920.png
1965,wsi_40992_15008.png
1966,wsi_29120_29344.png
1967,wsi_9408_26656.png
1968,wsi_15680_21728.png
1969,wsi_40096_13664.png
1970,wsi_29120_22400.png
1971,wsi_26432_25984.png
1972,wsi_15008_30688.png
1973,wsi_28672_24192.png
1974,wsi_7840_14560.png
1975,wsi_37632_31584.png
1976,wsi_34720_16576.png
1977,wsi_17920_12544.png
1978,wsi_27104_34944.png
1979,wsi_33600_39648.png
1980,wsi_45248_18368.png
1981,wsi_34496_7616.png
1982,wsi_15904_16352.png
1983,wsi_26880_8288.png
1984,wsi_43680_17472.png
1985,wsi_31136_14112.png
1986,wsi_34272_7392.png
1987,wsi_28224_28224.png
1988,wsi_26656_17248.png
1989,wsi_35392_16576.png
1990,wsi_46144_12768.png
1991,wsi_14336_29120.png
1992,wsi_45248_30240.png
1993,wsi_21056_12096.png
1994,wsi_35392_19712.png
1995,wsi_42784_17920.png
1996,wsi_45472_24864.png
1997,wsi_38304_26208.png
1998,wsi_26880_10304.png
1999,wsi_17696_25760.png
2000,wsi_9632_17024.png
2001,wsi_20384_9632.png
2002,wsi_45920_28224.png
2003,wsi_29344_22400.png
2004,wsi_37408_11424.png
2005,wsi_27328_16352.png
2006,wsi_26208_14112.png
2007,wsi_27104_29344.png
2008,wsi_41888_22176.png
2009,wsi_28896_30688.png
2010,wsi_28896_16576.png
2011,wsi_37184_20160.png
2012,wsi_36512_25984.png
2013,wsi_40320_23744.png
2014,wsi_33152_17472.png
2015,wsi_36064_26656.png
2016,wsi_48832_22624.png
2017,wsi_19712_28672.png
2018,wsi_43008_15232.png
2019,wsi_30912_31360.png
2020,wsi_8064_26208.png
2021,wsi_19264_16576.png
2022,wsi_30016_30016.png
2023,wsi_29568_13888.png
2024,wsi_18592_27104.png
2025,wsi_18816_16576.png
2026,wsi_12992_13216.png
2027,wsi_42560_25760.png
2028,wsi_13664_26656.png
2029,wsi_25536_21952.png
2030,wsi_38528_14784.png
2031,wsi_36288_16128.png
2032,wsi_21504_24192.png
2033,wsi_39200_26432.png
2034,wsi_35392_29568.png
2035,wsi_34048_11200.png
2036,wsi_40992_19040.png
2037,wsi_32032_34720.png
2038,wsi_7840_15680.png
2039,wsi_48832_25088.png
2040,wsi_28000_26880.png
2041,wsi_32480_39424.png
2042,wsi_17248_30464.png
2043,wsi_23744_24416.png
2044,wsi_17248_22176.png
2045,wsi_37408_25760.png
2046,wsi_16576_25536.png
2047,wsi_21056_31584.png
2048,wsi_23744_29792.png
2049,wsi_16800_25984.png
2050,wsi_33824_28672.png
2051,wsi_36064_28448.png
2052,wsi_35168_15680.png
2053,wsi_5600_24192.png
2054,wsi_6048_18368.png
2055,wsi_37856_22848.png
2056,wsi_10304_14560.png
2057,wsi_48608_25536.png
2058,wsi_39200_14112.png
2059,wsi_7168_23296.png
2060,wsi_28672_23520.png
2061,wsi_10304_27552.png
2062,wsi_36960_22176.png
2063,wsi_27552_33152.png
2064,wsi_17696_28448.png
2065,wsi_34272_32256.png
2066,wsi_11648_27552.png
2067,wsi_26432_20608.png
2068,wsi_7616_20160.png
2069,wsi_41888_37856.png
2070,wsi_29568_11872.png
2071,wsi_15008_26656.png
2072,wsi_32480_26208.png
2073,wsi_40544_18592.png
2074,wsi_23744_20608.png
2075,wsi_25760_29120.png
2076,wsi_22624_13440.png
2077,wsi_18368_11872.png
2078,wsi_23296_24416.png
2079,wsi_11648_22176.png
2080,wsi_8736_17920.png
2081,wsi_41664_30688.png
2082,wsi_40320_33600.png
2083,wsi_13664_15456.png
2084,wsi_12992_19712.png
2085,wsi_36960_19040.png
2086,wsi_43456_32928.png
2087,wsi_17024_12544.png
2088,wsi_27776_14112.png
2089,wsi_40544_34048.png
2090,wsi_5824_25760.png
2091,wsi_3808_22624.png
2092,wsi_39424_30016.png
2093,wsi_18144_29792.png
2094,wsi_17696_21952.png
2095,wsi_9632_27552.png
2096,wsi_48160_30688.png
2097,wsi_32704_35392.png
2098,wsi_22848_12768.png
2099,wsi_33824_13888.png
2100,wsi_11200_28672.png
2101,wsi_18816_24640.png
2102,wsi_48160_25760.png
2103,wsi_30016_31360.png
2104,wsi_35840_28000.png
2105,wsi_31136_35168.png
2106,wsi_34720_29568.png
2107,wsi_36512_14560.png
2108,wsi_33600_6048.png
2109,wsi_3808_16352.png
2110,wsi_25088_21280.png
2111,wsi_7168_24192.png
2112,wsi_17920_13888.png
2113,wsi_17472_25984.png
2114,wsi_16576_14112.png
2115,wsi_30464_10304.png
2116,wsi_25312_12096.png
2117,wsi_43680_22400.png
2118,wsi_45472_18144.png
2119,wsi_50400_25312.png
2120,wsi_5376_16800.png
2121,wsi_9856_28896.png
2122,wsi_29120_34272.png
2123,wsi_35168_28672.png
2124,wsi_40096_15008.png
2125,wsi_13440_21280.png
2126,wsi_38304_25088.png
2127,wsi_49280_28448.png
2128,wsi_45248_36064.png
2129,wsi_34048_6272.png
2130,wsi_26208_29344.png
2131,wsi_21504_8512.png
2132,wsi_20160_8736.png
2133,wsi_16576_23072.png
2134,wsi_35392_15232.png
2135,wsi_16128_17024.png
2136,wsi_32032_23072.png
2137,wsi_13888_18144.png
2138,wsi_5600_19264.png
2139,wsi_43680_23072.png
2140,wsi_45248_24416.png
2141,wsi_40992_32032.png
2142,wsi_42560_19488.png
2143,wsi_42560_32704.png
2144,wsi_30688_8064.png
2145,wsi_38752_10752.png
2146,wsi_47264_31360.png
2147,wsi_43232_18592.png
2148,wsi_8736_25088.png
2149,wsi_42560_11424.png
2150,wsi_31136_13216.png
2151,wsi_31808_28896.png
2152,wsi_37632_28000.png
2153,wsi_24640_17696.png
2154,wsi_5824_26208.png
2155,wsi_33376_32256.png
2156,wsi_42112_12768.png
2157,wsi_32704_16352.png
2158,wsi_11648_26656.png
2159,wsi_47040_22400.png
2160,wsi_48832_24416.png
2161,wsi_38080_9632.png
2162,wsi_11872_18368.png
2163,wsi_12544_15456.png
2164,wsi_32256_24640.png
2165,wsi_33824_25536.png
2166,wsi_26432_12096.png
2167,wsi_34272_9184.png
2168,wsi_32256_22176.png
2169,wsi_34496_10976.png
2170,wsi_12320_19488.png
2171,wsi_39200_15904.png
2172,wsi_26656_23968.png
2173,wsi_39424_30912.png
2174,wsi_23744_16576.png
2175,wsi_43232_25536.png
2176,wsi_13664_19488.png
2177,wsi_40992_32256.png
2178,wsi_21504_25760.png
2179,wsi_14336_30016.png
2180,wsi_16128_21280.png
2181,wsi_26432_7840.png
2182,wsi_34720_8288.png
2183,wsi_30016_20832.png
2184,wsi_16800_11872.png
2185,wsi_26432_26880.png
2186,wsi_21728_16128.png
2187,wsi_8960_17696.png
2188,wsi_46368_12768.png
2189,wsi_26208_22624.png
2190,wsi_6272_21728.png
2191,wsi_40544_21728.png
2192,wsi_41664_10976.png
2193,wsi_44128_18816.png
2194,wsi_10080_25312.png
2195,wsi_36960_6720.png
2196,wsi_11200_40544.png
2197,wsi_9184_15232.png
2198,wsi_33376_30464.png
2199,wsi_34496_34048.png
2200,wsi_27776_17696.png
2201,wsi_40320_13664.png
2202,wsi_38528_30464.png
2203,wsi_24640_28672.png
2204,wsi_29568_34496.png
2205,wsi_25984_19712.png
2206,wsi_25984_20384.png
2207,wsi_11424_20160.png
2208,wsi_15232_23968.png
2209,wsi_29568_15680.png
2210,wsi_28672_23968.png
2211,wsi_15680_14112.png
2212,wsi_10752_22400.png
2213,wsi_32704_35840.png
2214,wsi_22624_29344.png
2215,wsi_20832_26208.png
2216,wsi_27104_29120.png
2217,wsi_21504_14784.png
2218,wsi_44576_36512.png
2219,wsi_25984_23072.png
2220,wsi_8064_16576.png
2221,wsi_37856_28224.png
2222,wsi_44576_17696.png
2223,wsi_13888_19712.png
2224,wsi_21504_31584.png
2225,wsi_34944_18144.png
2226,wsi_22176_23520.png
2227,wsi_25760_22176.png
2228,wsi_30240_18368.png
2229,wsi_15680_13664.png
2230,wsi_8512_24640.png
2231,wsi_19264_15456.png
2232,wsi_12320_12992.png
2233,wsi_33376_39424.png
2234,wsi_33600_28224.png
2235,wsi_28896_8512.png
2236,wsi_3808_15904.png
2237,wsi_34720_35616.png
2238,wsi_26432_31808.png
2239,wsi_31136_35392.png
2240,wsi_38752_18144.png
2241,wsi_40992_24192.png
2242,wsi_49056_27776.png
2243,wsi_30016_9856.png
2244,wsi_30464_24640.png
2245,wsi_47264_28000.png
2246,wsi_10080_28224.png
2247,wsi_7840_19712.png
2248,wsi_7392_23072.png
2249,wsi_32480_36736.png
2250,wsi_19712_31136.png
2251,wsi_28896_26656.png
2252,wsi_20384_18368.png
2253,wsi_39872_22624.png
2254,wsi_40544_19712.png
2255,wsi_24192_10752.png
2256,wsi_42784_22848.png
2257,wsi_9184_23296.png
2258,wsi_24864_19488.png
2259,wsi_39872_19488.png
2260,wsi_15904_12992.png
2261,wsi_9408_25984.png
2262,wsi_35392_18144.png
2263,wsi_43232_28224.png
2264,wsi_30912_30688.png
2265,wsi_42784_25760.png
2266,wsi_10752_15008.png
2267,wsi_49056_25088.png
2268,wsi_32032_18368.png
2269,wsi_11872_26880.png
2270,wsi_21952_9408.png
2271,wsi_17472_22848.png
2272,wsi_35392_34720.png
2273,wsi_12768_14112.png
2274,wsi_42112_28672.png
2275,wsi_38528_13216.png
2276,wsi_10976_18816.png
2277,wsi_28672_22176.png
2278,wsi_9408_25536.png
2279,wsi_19712_18816.png
2280,wsi_11424_17920.png
2281,wsi_15456_28448.png
2282,wsi_27328_20384.png
2283,wsi_19712_14784.png
2284,wsi_34272_21280.png
2285,wsi_43456_27776.png
2286,wsi_42112_33376.png
2287,wsi_15680_21280.png
2288,wsi_32256_37856.png
2289,wsi_37184_7168.png
2290,wsi_6944_14784.png
2291,wsi_15680_23072.png
2292,wsi_37856_14784.png
2293,wsi_37632_32480.png
2294,wsi_33824_19488.png
2295,wsi_29120_9184.png
2296,wsi_22176_24192.png
2297,wsi_23072_17248.png
2298,wsi_50176_25760.png
2299,wsi_39424_21056.png
2300,wsi_37856_10752.png
2301,wsi_6048_22400.png
2302,wsi_48160_23968.png
2303,wsi_10976_24640.png
2304,wsi_33376_12320.png
2305,wsi_17024_14112.png
2306,wsi_42336_37408.png
2307,wsi_28672_24416.png
2308,wsi_25984_20160.png
2309,wsi_29120_33824.png
2310,wsi_29120_8288.png
2311,wsi_12768_18816.png
2312,wsi_27776_14560.png
2313,wsi_44576_33376.png
2314,wsi_23072_23520.png
2315,wsi_12992_25312.png
2316,wsi_20384_19488.png
2317,wsi_45920_21952.png
2318,wsi_18368_19264.png
2319,wsi_43456_28224.png
2320,wsi_12096_23072.png
2321,wsi_32480_34720.png
2322,wsi_7840_25984.png
2323,wsi_30464_17472.png
2324,wsi_33600_21728.png
2325,wsi_9184_23520.png
2326,wsi_28672_14560.png
2327,wsi_41440_18592.png
2328,wsi_36960_20832.png
2329,wsi_41888_11200.png
2330,wsi_48832_28896.png
2331,wsi_31136_34048.png
2332,wsi_36736_27104.png
2333,wsi_32480_29568.png
2334,wsi_18368_26208.png
2335,wsi_23296_29344.png
2336,wsi_38976_25312.png
2337,wsi_38752_32032.png
2338,wsi_36512_34720.png
2339,wsi_31360_35840.png
2340,wsi_21728_30464.png
2341,wsi_29792_33824.png
2342,wsi_23296_24864.png
2343,wsi_12544_18368.png
2344,wsi_25984_25760.png
2345,wsi_21728_9408.png
2346,wsi_43904_16800.png
2347,wsi_31360_34272.png
2348,wsi_42560_26208.png
2349,wsi_16576_19936.png
2350,wsi_39872_31360.png
2351,wsi_20384_26880.png
2352,wsi_42336_16352.png
2353,wsi_10304_28000.png
2354,wsi_28000_26656.png
2355,wsi_35840_7168.png
2356,wsi_20608_29120.png
2357,wsi_41440_11200.png
2358,wsi_25088_34496.png
2359,wsi_11200_16800.png
2360,wsi_28672_18592.png
2361,wsi_20384_23520.png
2362,wsi_39200_17472.png
2363,wsi_17024_14784.png
2364,wsi_40992_16800.png
2365,wsi_27328_30016.png
2366,wsi_38752_19264.png
2367,wsi_40992_18368.png
2368,wsi_37856_22400.png
2369,wsi_37184_30240.png
2370,wsi_34720_38752.png
2371,wsi_29344_24640.png
2372,wsi_30912_26208.png
2373,wsi_19936_12544.png
2374,wsi_20384_9184.png
2375,wsi_31360_18816.png
2376,wsi_45248_24192.png
2377,wsi_45248_30688.png
2378,wsi_25536_29568.png
2379,wsi_46816_29792.png
2380,wsi_15904_12768.png
2381,wsi_45920_29568.png
2382,wsi_26880_23072.png
2383,wsi_30464_32032.png
2384,wsi_28672_13216.png
2385,wsi_8736_19712.png
2386,wsi_39872_32032.png
2387,wsi_15680_22624.png
2388,wsi_24192_24192.png
2389,wsi_47264_29344.png
2390,wsi_38080_9408.png
2391,wsi_46144_22624.png
2392,wsi_10080_23072.png
2393,wsi_35616_23072.png
2394,wsi_31808_32032.png
2395,wsi_27104_32480.png
2396,wsi_23520_13664.png
2397,wsi_8064_20608.png
2398,wsi_47264_28896.png
2399,wsi_34944_29344.png
2400,wsi_19488_21280.png
2401,wsi_19936_19936.png
2402,wsi_32480_8736.png
2403,wsi_9856_21280.png
2404,wsi_27104_30016.png
2405,wsi_10976_27552.png
2406,wsi_44128_27328.png
2407,wsi_18144_22400.png
2408,wsi_41888_27328.png
2409,wsi_34720_39872.png
2410,wsi_16352_16576.png
2411,wsi_42560_17024.png
2412,wsi_20384_12544.png
2413,wsi_28672_7840.png
2414,wsi_47264_30464.png
2415,wsi_12096_25088.png
2416,wsi_8064_20384.png
2417,wsi_11200_21280.png
2418,wsi_29792_17024.png
2419,wsi_30240_17248.png
2420,wsi_15904_13440.png
2421,wsi_18144_15232.png
2422,wsi_45696_27328.png
2423,wsi_12544_13440.png
2424,wsi_16800_21952.png
2425,wsi_24864_18144.png
2426,wsi_22400_9408.png
2427,wsi_8288_16352.png
2428,wsi_12320_24416.png
2429,wsi_25312_20160.png
2430,wsi_36288_23296.png
2431,wsi_34272_9632.png
2432,wsi_10752_15232.png
2433,wsi_44352_32480.png
2434,wsi_23520_26208.png
2435,wsi_22848_17472.png
2436,wsi_38976_31808.png
2437,wsi_32704_26656.png
2438,wsi_5824_23968.png
2439,wsi_19488_28448.png
2440,wsi_47488_22624.png
2441,wsi_25088_26432.png
2442,wsi_42336_18592.png
2443,wsi_47712_29792.png
2444,wsi_36288_38976.png
2445,wsi_49504_25536.png
2446,wsi_9632_15008.png
2447,wsi_46144_25312.png
2448,wsi_28224_20160.png
2449,wsi_22624_21504.png
2450,wsi_14112_15904.png
2451,wsi_38080_7168.png
2452,wsi_15680_23520.png
2453,wsi_16128_18144.png
2454,wsi_35616_38976.png
2455,wsi_9408_40544.png
2456,wsi_21504_20384.png
2457,wsi_10528_19264.png
2458,wsi_35840_9184.png
2459,wsi_10528_13216.png
2460,wsi_36736_6272.png
2461,wsi_39424_8960.png
2462,wsi_9632_15232.png
2463,wsi_48160_23520.png
2464,wsi_18816_20160.png
2465,wsi_10528_15456.png
2466,wsi_33824_36064.png
2467,wsi_9632_26880.png
2468,wsi_8512_13440.png
2469,wsi_47488_28000.png
2470,wsi_19264_26656.png
2471,wsi_21056_25536.png
2472,wsi_27328_34720.png
2473,wsi_27104_19040.png
2474,wsi_33152_25760.png
2475,wsi_3808_23296.png
2476,wsi_37856_12992.png
2477,wsi_9632_17696.png
2478,wsi_36288_28448.png
2479,wsi_43904_31808.png
2480,wsi_28224_30240.png
2481,wsi_38304_8288.png
2482,wsi_36736_7168.png
2483,wsi_29568_16800.png
2484,wsi_26880_11648.png
2485,wsi_42112_11648.png
2486,wsi_13888_30016.png
2487,wsi_24192_25088.png
2488,wsi_21504_28672.png
2489,wsi_30688_14784.png
2490,wsi_32928_28896.png
2491,wsi_25984_11200.png
2492,wsi_17248_16800.png
2493,wsi_35168_29120.png
2494,wsi_28224_15456.png
2495,wsi_26880_17248.png
2496,wsi_15680_26432.png
2497,wsi_29344_22848.png
2498,wsi_43456_25984.png
2499,wsi_40320_17248.png
2500,wsi_34272_6272.png
2501,wsi_22624_9184.png
2502,wsi_12768_22624.png
2503,wsi_43008_23968.png
2504,wsi_30016_8288.png
2505,wsi_44800_25088.png
2506,wsi_11872_26432.png
2507,wsi_8960_15680.png
2508,wsi_40096_25536.png
2509,wsi_15232_24640.png
2510,wsi_20832_25984.png
2511,wsi_34496_17696.png
2512,wsi_39648_16128.png
2513,wsi_36288_14112.png
2514,wsi_33824_28448.png
2515,wsi_44128_29568.png
2516,wsi_41888_24416.png
2517,wsi_47488_30912.png
2518,wsi_32032_21056.png
2519,wsi_10976_22400.png
2520,wsi_24192_31136.png
2521,wsi_29120_32032.png
2522,wsi_20160_22624.png
2523,wsi_30688_30912.png
2524,wsi_10976_17696.png
2525,wsi_11200_22400.png
2526,wsi_43008_16128.png
2527,wsi_33376_31584.png
2528,wsi_38528_27328.png
2529,wsi_30464_8064.png
2530,wsi_23072_16128.png
2531,wsi_12320_14784.png
2532,wsi_9632_25088.png
2533,wsi_42560_22400.png
2534,wsi_28672_33824.png
2535,wsi_17920_14112.png
2536,wsi_7616_19936.png
2537,wsi_38976_32032.png
2538,wsi_40096_11648.png
2539,wsi_38976_9408.png
2540,wsi_42784_28448.png
2541,wsi_29344_10304.png
2542,wsi_15680_23968.png
2543,wsi_31584_13664.png
2544,wsi_26432_14112.png
2545,wsi_46592_31360.png
2546,wsi_9856_29120.png
2547,wsi_27104_30912.png
2548,wsi_32256_36288.png
2549,wsi_24416_24416.png
2550,wsi_34720_6944.png
2551,wsi_42560_17920.png
2552,wsi_20384_20160.png
2553,wsi_46144_34272.png
2554,wsi_16576_16352.png
2555,wsi_34720_12320.png
2556,wsi_42112_21952.png
2557,wsi_30016_13664.png
2558,wsi_30912_21504.png
2559,wsi_9632_25984.png
2560,wsi_11200_17024.png
2561,wsi_4704_23296.png
2562,wsi_32032_19936.png
2563,wsi_44800_29792.png
2564,wsi_9408_13888.png
2565,wsi_37184_29568.png
2566,wsi_45024_25536.png
2567,wsi_49728_25536.png
2568,wsi_30464_9408.png
2569,wsi_23968_32032.png
2570,wsi_20160_24864.png
2571,wsi_32256_28672.png
2572,wsi_34048_5824.png
2573,wsi_19712_18368.png
2574,wsi_36960_24192.png
2575,wsi_4256_22624.png
2576,wsi_27552_8736.png
2577,wsi_4704_16128.png
2578,wsi_45024_16800.png
2579,wsi_37856_8736.png
2580,wsi_25536_7840.png
2581,wsi_44800_27552.png
2582,wsi_15456_22400.png
2583,wsi_6048_17248.png
2584,wsi_19488_27776.png
2585,wsi_23520_21280.png
2586,wsi_32928_16352.png
2587,wsi_34944_39200.png
2588,wsi_36960_21056.png
2589,wsi_43904_15008.png
2590,wsi_24864_23968.png
2591,wsi_31584_17472.png
2592,wsi_26208_13440.png
2593,wsi_10752_25088.png
2594,wsi_19936_14560.png
2595,wsi_30240_14112.png
2596,wsi_10080_29792.png
2597,wsi_26656_34496.png
2598,wsi_34048_30688.png
2599,wsi_30912_12320.png
2600,wsi_11424_23744.png
2601,wsi_7840_19936.png
2602,wsi_10752_14560.png
2603,wsi_5152_22624.png
2604,wsi_42112_19264.png
2605,wsi_39872_29568.png
2606,wsi_40768_7616.png
2607,wsi_37184_15008.png
2608,wsi_5600_15904.png
2609,wsi_33824_21504.png
2610,wsi_29344_10976.png
2611,wsi_7168_16352.png
2612,wsi_4256_15904.png
2613,wsi_50400_25536.png
2614,wsi_8736_14112.png
2615,wsi_24416_10976.png
2616,wsi_35840_22624.png
2617,wsi_3360_24192.png
2618,wsi_46816_31584.png
2619,wsi_32480_7616.png
2620,wsi_30240_36064.png
2621,wsi_38304_26656.png
2622,wsi_36960_13440.png
2623,wsi_35392_31136.png
2624,wsi_46592_31584.png
2625,wsi_29792_30688.png
2626,wsi_33824_40320.png
2627,wsi_19712_25760.png
2628,wsi_40768_7392.png
2629,wsi_43232_22176.png
2630,wsi_8736_18368.png
2631,wsi_20608_15232.png
2632,wsi_6720_15456.png
2633,wsi_36960_8064.png
2634,wsi_28672_13664.png
2635,wsi_18368_27552.png
2636,wsi_47488_26880.png
2637,wsi_26432_13440.png
2638,wsi_14112_20160.png
2639,wsi_28224_14560.png
2640,wsi_41664_28896.png
2641,wsi_27104_23072.png
2642,wsi_20832_16800.png
2643,wsi_34048_30240.png
2644,wsi_30016_28672.png
2645,wsi_24864_10976.png
2646,wsi_38304_21504.png
2647,wsi_36288_21952.png
2648,wsi_30240_22176.png
2649,wsi_31360_22400.png
2650,wsi_32928_31136.png
2651,wsi_19040_14112.png
2652,wsi_38304_33152.png
2653,wsi_38080_36064.png
2654,wsi_34496_27104.png
2655,wsi_30240_21952.png
2656,wsi_39200_34048.png
2657,wsi_26432_7616.png
2658,wsi_26432_10752.png
2659,wsi_29792_24416.png
2660,wsi_22848_20832.png
2661,wsi_31360_31360.png
2662,wsi_9856_26208.png
2663,wsi_28448_21280.png
2664,wsi_43680_28448.png
2665,wsi_29344_28000.png
2666,wsi_2912_23072.png
2667,wsi_25536_17248.png
2668,wsi_5600_25088.png
2669,wsi_31584_30912.png
2670,wsi_16352_17696.png
2671,wsi_11872_14112.png
2672,wsi_13216_21056.png
2673,wsi_43008_13664.png
2674,wsi_25760_23072.png
2675,wsi_12768_24640.png
2676,wsi_16800_11648.png
2677,wsi_38976_32480.png
2678,wsi_12096_20384.png
2679,wsi_30912_21280.png
2680,wsi_16352_21056.png
2681,wsi_21504_31808.png
2682,wsi_28896_22624.png
2683,wsi_36288_21504.png
2684,wsi_21504_17696.png
2685,wsi_37184_25760.png
2686,wsi_46816_28448.png
2687,wsi_19264_21504.png
2688,wsi_31808_14784.png
2689,wsi_43904_19264.png
2690,wsi_30016_22176.png
2691,wsi_36736_28448.png
2692,wsi_41216_34048.png
2693,wsi_40992_22176.png
2694,wsi_8288_25984.png
2695,wsi_22400_13216.png
2696,wsi_10080_27328.png
2697,wsi_16576_16800.png
2698,wsi_40992_30912.png
2699,wsi_17472_14336.png
2700,wsi_21504_28896.png
2701,wsi_31360_24640.png
2702,wsi_23968_28672.png
2703,wsi_12320_41216.png
2704,wsi_32032_23520.png
2705,wsi_38752_15008.png
2706,wsi_12768_28224.png
2707,wsi_14560_22400.png
2708,wsi_31584_28448.png
2709,wsi_42784_25984.png
2710,wsi_48832_27776.png
2711,wsi_34720_25536.png
2712,wsi_48608_26656.png
2713,wsi_44800_24640.png
2714,wsi_14112_13888.png
2715,wsi_36064_19712.png
2716,wsi_27776_9632.png
2717,wsi_34720_23968.png
2718,wsi_36960_29792.png
2719,wsi_22400_9184.png
2720,wsi_41664_18592.png
2721,wsi_31584_9408.png
2722,wsi_40320_32928.png
2723,wsi_38752_12320.png
2724,wsi_22848_16352.png
2725,wsi_28672_12544.png
2726,wsi_7616_14560.png
2727,wsi_26432_28448.png
2728,wsi_48384_23072.png
2729,wsi_43904_28224.png
2730,wsi_32256_32704.png
2731,wsi_48160_23296.png
2732,wsi_43904_32256.png
2733,wsi_38976_30464.png
2734,wsi_10528_17024.png
2735,wsi_47488_26432.png
2736,wsi_12768_20384.png
2737,wsi_10752_27328.png
2738,wsi_33600_6272.png
2739,wsi_40320_9408.png
2740,wsi_39648_11424.png
2741,wsi_35392_28000.png
2742,wsi_40320_21952.png
2743,wsi_23744_28896.png
2744,wsi_39648_13888.png
2745,wsi_29120_32928.png
2746,wsi_24416_10528.png
2747,wsi_14336_19488.png
2748,wsi_31584_39424.png
2749,wsi_25536_14784.png
2750,wsi_10752_42112.png
2751,wsi_36960_23744.png
2752,wsi_8064_23968.png
2753,wsi_31808_9408.png
2754,wsi_40768_22176.png
2755,wsi_38304_10528.png
2756,wsi_30912_30240.png
2757,wsi_26432_11872.png
2758,wsi_44128_32704.png
2759,wsi_26880_19712.png
2760,wsi_14560_25984.png
2761,wsi_13440_13888.png
2762,wsi_7840_21280.png
2763,wsi_40992_30240.png
2764,wsi_13664_22400.png
2765,wsi_21728_28672.png
2766,wsi_29120_18368.png
2767,wsi_16576_28448.png
2768,wsi_42560_13216.png
2769,wsi_37408_23296.png
2770,wsi_30912_33824.png
2771,wsi_21952_8288.png
2772,wsi_39872_11424.png
2773,wsi_13664_24864.png
2774,wsi_40992_33152.png
2775,wsi_47936_29344.png
2776,wsi_27104_9632.png
2777,wsi_24192_27776.png
2778,wsi_30240_20608.png
2779,wsi_12320_20832.png
2780,wsi_9408_16128.png
2781,wsi_40320_30688.png
2782,wsi_21504_13216.png
2783,wsi_3360_24640.png
2784,wsi_11424_26656.png
2785,wsi_25984_15232.png
2786,wsi_28896_24416.png
2787,wsi_18144_23968.png
2788,wsi_42336_14784.png
2789,wsi_23968_25984.png
2790,wsi_37184_27552.png
2791,wsi_32704_39648.png
2792,wsi_27104_13664.png
2793,wsi_9632_21056.png
2794,wsi_38976_8064.png
2795,wsi_8736_17248.png
2796,wsi_26880_34272.png
2797,wsi_44128_30464.png
2798,wsi_20608_23744.png
2799,wsi_8288_13888.png
2800,wsi_14336_19264.png
2801,wsi_42784_19712.png
2802,wsi_39872_23968.png
2803,wsi_24864_33376.png
2804,wsi_5376_13664.png
2805,wsi_15904_14560.png
2806,wsi_12544_24192.png
2807,wsi_27776_19488.png
2808,wsi_26208_15456.png
2809,wsi_27328_7168.png
2810,wsi_37856_13216.png
2811,wsi_38976_30912.png
2812,wsi_7168_24864.png
2813,wsi_31360_10080.png
2814,wsi_23296_24192.png
2815,wsi_23296_30240.png
2816,wsi_35392_10304.png
2817,wsi_37632_11648.png
2818,wsi_36736_32032.png
2819,wsi_24864_29568.png
2820,wsi_37632_23520.png
2821,wsi_30464_12544.png
2822,wsi_32032_38080.png
2823,wsi_24416_22848.png
2824,wsi_29344_24192.png
2825,wsi_22848_16800.png
2826,wsi_36736_31136.png
2827,wsi_21504_21728.png
2828,wsi_35392_19488.png
2829,wsi_40320_31584.png
2830,wsi_40768_17920.png
2831,wsi_32256_10304.png
2832,wsi_32704_22848.png
2833,wsi_18144_13216.png
2834,wsi_32704_19936.png
2835,wsi_21952_19264.png
2836,wsi_46368_31584.png
2837,wsi_38080_33152.png
2838,wsi_21280_17024.png
2839,wsi_23520_29568.png
2840,wsi_38528_9632.png
2841,wsi_6272_15456.png
2842,wsi_30912_16352.png
2843,wsi_28896_32928.png
2844,wsi_20832_19712.png
2845,wsi_36512_30016.png
2846,wsi_18592_17920.png
2847,wsi_27104_16800.png
2848,wsi_30688_29120.png
2849,wsi_33152_37184.png
2850,wsi_16128_25536.png
2851,wsi_28896_35392.png
2852,wsi_16576_12096.png
2853,wsi_38528_8288.png
2854,wsi_23968_29792.png
2855,wsi_19936_16576.png
2856,wsi_41664_23744.png
2857,wsi_31136_14784.png
2858,wsi_12992_16576.png
2859,wsi_23296_28672.png
2860,wsi_8736_26656.png
2861,wsi_17696_31136.png
2862,wsi_23072_9632.png
2863,wsi_8512_24864.png
2864,wsi_38080_16352.png
2865,wsi_21952_30464.png
2866,wsi_38752_21280.png
2867,wsi_33600_23520.png
2868,wsi_37184_31136.png
2869,wsi_30016_12768.png
2870,wsi_10528_13888.png
2871,wsi_10976_22176.png
2872,wsi_33600_38080.png
2873,wsi_21728_18592.png
2874,wsi_46816_28224.png
2875,wsi_32256_15008.png
2876,wsi_40544_19936.png
2877,wsi_14112_23744.png
2878,wsi_43232_25088.png
2879,wsi_5824_23072.png
2880,wsi_49056_23072.png
2881,wsi_15232_29344.png
2882,wsi_6720_25312.png
2883,wsi_33152_22624.png
2884,wsi_28224_17472.png
2885,wsi_42784_17696.png
2886,wsi_25760_31136.png
2887,wsi_10304_14336.png
2888,wsi_22848_19264.png
2889,wsi_2688_23296.png
2890,wsi_35616_16576.png
2891,wsi_18592_20384.png
2892,wsi_18592_14784.png
2893,wsi_13440_17024.png
2894,wsi_15456_14336.png
2895,wsi_23744_8960.png
2896,wsi_37184_6944.png
2897,wsi_31808_13664.png
2898,wsi_19488_15904.png
2899,wsi_8736_21504.png
2900,wsi_33600_34048.png
2901,wsi_13216_28672.png
2902,wsi_28000_6944.png
2903,wsi_34944_7840.png
2904,wsi_47040_24192.png
2905,wsi_36064_24416.png
2906,wsi_34720_15680.png
2907,wsi_10976_19712.png
2908,wsi_26656_12544.png
2909,wsi_20160_15008.png
2910,wsi_27328_33152.png
2911,wsi_5376_15904.png
2912,wsi_29792_16128.png
2913,wsi_26880_10080.png
